1	прозвучала	прозвучать	VERB	VBC	Aspect=Perf|Gender=Fem|Mood=Ind|Number=Sing|Tense=Past|VerbForm=Fin|Voice=Act	_	_	_	@ab1991f-words#@ab1991f#23.67#24.088
2	такая	такой	DET	DT	Case=Nom|Gender=Fem|Number=Sing	_	_	_	@ab1991f-words#@ab1991f#24.088#24.506
3	мысль	мысль	NOUN	NN	Animacy=Inan|Case=Nom|Gender=Fem|Number=Sing	_	_	_	@ab1991f-words#@ab1991f#24.506#24.924
4	в	в	ADP	IN	_	_	_	_	@ab1991f-words#@ab1991f#24.924#25.342
5	спектакле	спектакль	NOUN	NN	Animacy=Inan|Case=Loc|Gender=Masc|Number=Sing	_	_	_	@ab1991f-words#@ab1991f#25.342#25.76
6	/	/	SYM	SYM	_	_	_	_	@ab1991f-words#@ab1991f#25.76#26.178
7	Добрый	Добрый	ADJ	JJL	Case=Nom|Degree=Pos|Gender=Masc|Number=Sing	_	_	_	@ab1991f-words#@ab1991f#26.178#26.596
8	мальчик	мальчик	NOUN	NN	Animacy=Anim|Case=Nom|Gender=Masc|Number=Sing	_	_	_	@ab1991f-words#@ab1991f#26.596#27.014
9	урод	урод	NOUN	NN	Animacy=Inan|Case=Nom|Gender=Masc|Number=Sing	_	_	_	@ab1991f-words#@ab1991f#27.014#27.44
10	быть	быть	AUX	VB	Aspect=Imp|VerbForm=Inf	_	_	_	@ab1991f-words#@ab1991f#28.3#28.582
11	знаменитым	знаменитый	ADJ	JJL	Case=Ins|Degree=Pos|Gender=Masc|Number=Sing	_	_	_	@ab1991f-words#@ab1991f#28.582#28.864
12	/	/	SYM	SYM	_	_	_	_	@ab1991f-words#@ab1991f#28.864#29.146
13	значит	значить	VERB	VBC	Aspect=Imp|Mood=Ind|Number=Sing|Person=3|Tense=Pres|VerbForm=Fin|Voice=Act	_	_	_	@ab1991f-words#@ab1991f#29.146#29.428
14	быть	быть	AUX	VB	Aspect=Imp|VerbForm=Inf	_	_	_	@ab1991f-words#@ab1991f#29.428#29.71
15	счастливым	счастливый	ADJ	JJL	Case=Ins|Degree=Pos|Gender=Masc|Number=Sing	_	_	_	@ab1991f-words#@ab1991f#29.71#29.992
16	/	/	SYM	SYM	_	_	_	_	@ab1991f-words#@ab1991f#29.992#30.274
17	вы	вы	PRON	PRP	Case=Nom|Number=Plur|Person=2	_	_	_	@ab1991f-words#@ab1991f#30.274#30.556
18	можете	может	VERB	VBC	Aspect=Imp|Mood=Ind|Number=Plur|Person=2|Tense=Pres|VerbForm=Fin|Voice=Act	_	_	_	@ab1991f-words#@ab1991f#30.556#30.838
19	согласиться	согласиться	VERB	VB	Aspect=Perf|VerbForm=Inf|Voice=Mid	_	_	_	@ab1991f-words#@ab1991f#30.838#31.12
20	с	с	ADP	IN	_	_	_	_	@ab1991f-words#@ab1991f#31.12#31.402
21	этим	это	PRON	DT	Animacy=Inan|Case=Ins|Gender=Neut|Number=Sing	_	_	_	@ab1991f-words#@ab1991f#31.402#31.684
22	утверждением	утверждение	NOUN	NN	Animacy=Inan|Case=Ins|Gender=Neut|Number=Sing	_	_	_	@ab1991f-words#@ab1991f#31.684#31.966
23	?	?	PUNCT	.	_	_	_	_	@ab1991f-words#@ab1991f#31.966#32.25
24	а	а	CCONJ	CC	_	_	_	_	@ab1991f-words#@ab1991f#33.05#33.26
25	как	как	ADP	IN	_	_	_	_	@ab1991f-words#@ab1991f#33.26#33.47
26	?	?	PUNCT	.	_	_	_	_	@ab1991f-words#@ab1991f#33.47#33.68
27	а	а	CCONJ	CC	_	_	_	_	@ab1991f-words#@ab1991f#47.92#48.226
28	вот	вот	PART	UH	_	_	_	_	@ab1991f-words#@ab1991f#48.226#48.532
29	ваша	ваш	NOUN	NN	Animacy=Anim|Case=Nom|Gender=Masc|Number=Sing	_	_	_	@ab1991f-words#@ab1991f#48.532#48.838
30	фраза	фраза	NOUN	NN	Animacy=Inan|Case=Gen|Gender=Masc|Number=Sing	_	_	_	@ab1991f-words#@ab1991f#48.838#49.144
31	/	/	SYM	SYM	_	_	_	_	@ab1991f-words#@ab1991f#49.144#49.45
32	актёр	актер	NOUN	NN	Animacy=Anim|Case=Nom|Gender=Masc|Number=Sing	_	_	_	@ab1991f-words#@ab1991f#49.45#49.756
33	на	на	ADP	IN	_	_	_	_	@ab1991f-words#@ab1991f#49.756#50.062
34	сцене	сцена	NOUN	NN	Animacy=Inan|Case=Loc|Gender=Fem|Number=Sing	_	_	_	@ab1991f-words#@ab1991f#50.062#50.368
35	это	это	PRON	DT	Animacy=Inan|Case=Nom|Gender=Neut|Number=Sing	_	_	_	@ab1991f-words#@ab1991f#50.368#50.674
36	либо	либо	CCONJ	CC	_	_	_	_	@ab1991f-words#@ab1991f#50.674#50.98
37	исповедь	исповедь	ADV	AFX	_	_	_	_	@ab1991f-words#@ab1991f#50.98#51.286
38	/	/	SYM	SYM	_	_	_	_	@ab1991f-words#@ab1991f#51.286#51.592
39	либо	либо	CCONJ	CC	_	_	_	_	@ab1991f-words#@ab1991f#51.592#51.898
40	/	/	SYM	SYM	_	_	_	_	@ab1991f-words#@ab1991f#51.898#52.204
41	проповедь	проповедь	SCONJ	IN	_	_	_	_	@ab1991f-words#@ab1991f#52.204#52.52
42	почему	почему	PRON	WP	Animacy=Inan|Case=Dat|Gender=Neut|Number=Sing	_	_	_	@ab1991f-words#@ab1991f#52.78#53.08
43	?	?	PUNCT	.	_	_	_	_	@ab1991f-words#@ab1991f#53.08#53.38
44	ну	на	NOUN	NN	Animacy=Anim|Case=Dat|Gender=Masc|Number=Sing	_	_	_	@ab1991f-words#@ab1991f#59.21#59.449
45	вот	вот	NOUN	NN	Animacy=Inan|Case=Gen|Gender=Masc|Number=Plur	_	_	_	@ab1991f-words#@ab1991f#59.449#59.688
46	а	а	CCONJ	CC	_	_	_	_	@ab1991f-words#@ab1991f#59.688#59.927
47	что	что	SCONJ	IN	_	_	_	_	@ab1991f-words#@ab1991f#59.927#60.166
48	сделать	сделать	VERB	VB	Aspect=Perf|VerbForm=Inf|Voice=Act	_	_	_	@ab1991f-words#@ab1991f#60.166#60.405
49	с	с	ADP	IN	_	_	_	_	@ab1991f-words#@ab1991f#60.405#60.644
50	/	/	SYM	SYM	_	_	_	_	@ab1991f-words#@ab1991f#60.644#60.883
51	развлекательным	развлекательный	ADJ	JJL	Case=Ins|Degree=Pos|Gender=Masc|Number=Sing	_	_	_	@ab1991f-words#@ab1991f#60.883#61.122
52	театром	театр	NOUN	NN	Animacy=Inan|Case=Ins|Gender=Masc|Number=Sing	_	_	_	@ab1991f-words#@ab1991f#61.122#61.361
53	?	?	PUNCT	.	_	_	_	_	@ab1991f-words#@ab1991f#61.361#61.6
54	/	/	SYM	SYM	_	_	_	_	@ab1991f-words#@ab1991f#61.6#61.839
55	вы	вы	PRON	PRP	Case=Nom|Number=Plur|Person=2	_	_	_	@ab1991f-words#@ab1991f#61.839#62.078
56	его	его	PRON	PRP	Case=Gen|Gender=Masc|Number=Sing|Person=3	_	_	_	@ab1991f-words#@ab1991f#62.078#62.317
57	приемлете	приемлет	VERB	VBC	Aspect=Imp|Mood=Ind|Number=Plur|Person=2|Tense=Pres|VerbForm=Fin|Voice=Act	_	_	_	@ab1991f-words#@ab1991f#62.317#62.556
58	?	?	PUNCT	.	_	_	_	_	@ab1991f-words#@ab1991f#62.556#62.8
59	театры	театр	NOUN	NN	Animacy=Inan|Case=Nom|Gender=Fem|Number=Plur	_	_	_	@ab1991f-words#@ab1991f#95.04#95.323
60	малых	малый	ADJ	JJL	Case=Gen|Degree=Pos|Number=Plur	_	_	_	@ab1991f-words#@ab1991f#95.323#95.606
61	городов	город	NOUN	NN	Animacy=Inan|Case=Gen|Gender=Masc|Number=Plur	_	_	_	@ab1991f-words#@ab1991f#95.606#95.889
62	/	/	SYM	SYM	_	_	_	_	@ab1991f-words#@ab1991f#95.889#96.172
63	в	в	ADP	IN	_	_	_	_	@ab1991f-words#@ab1991f#96.172#96.455
64	целом	целое	NOUN	NN	Animacy=Inan|Case=Loc|Gender=Neut|Number=Sing	_	_	_	@ab1991f-words#@ab1991f#96.455#96.738
65	/	/	SYM	SYM	_	_	_	_	@ab1991f-words#@ab1991f#96.738#97.021
66	какое	какой	ADJ	JJL	Case=Acc|Degree=Pos|Gender=Neut|Number=Sing	_	_	_	@ab1991f-words#@ab1991f#97.021#97.304
67	впечатление	впечатление	NOUN	NN	Animacy=Inan|Case=Acc|Gender=Neut|Number=Sing	_	_	_	@ab1991f-words#@ab1991f#97.304#97.587
68	на	на	ADP	IN	_	_	_	_	@ab1991f-words#@ab1991f#97.587#97.87
69	вас	вы	PRON	PRP	Case=Acc|Number=Plur|Person=2	_	_	_	@ab1991f-words#@ab1991f#97.87#98.153
70	произвели	произвести	VERB	VBC	Aspect=Perf|Mood=Ind|Number=Plur|Tense=Past|VerbForm=Fin|Voice=Act	_	_	_	@ab1991f-words#@ab1991f#98.153#98.436
71	?	?	PUNCT	.	_	_	_	_	@ab1991f-words#@ab1991f#98.436#98.72
72	а	а	CCONJ	CC	_	_	_	_	@ab1991f-words#@ab1991f#110.13#110.446
73	вот	вот	PART	UH	_	_	_	_	@ab1991f-words#@ab1991f#110.446#110.762
74	/	/	SYM	SYM	_	_	_	_	@ab1991f-words#@ab1991f#110.762#111.078
75	режиссёр	режиссер	NOUN	NN	Animacy=Anim|Case=Nom|Gender=Masc|Number=Sing	_	_	_	@ab1991f-words#@ab1991f#111.078#111.394
76	Яновская	Яновский	ADJ	JJL	Case=Nom|Degree=Pos|Gender=Fem|Number=Sing	_	_	_	@ab1991f-words#@ab1991f#111.394#111.71
77	которая	который	PRON	AWP	Animacy=Inan|Case=Nom|Gender=Fem|Number=Sing	_	_	_	@ab1991f-words#@ab1991f#111.71#112.026
78	ставила	ставить	VERB	VBC	Aspect=Perf|Gender=Fem|Mood=Ind|Number=Sing|Tense=Past|VerbForm=Fin|Voice=Act	_	_	_	@ab1991f-words#@ab1991f#112.026#112.342
79	на	на	ADP	IN	_	_	_	_	@ab1991f-words#@ab1991f#112.342#112.658
80	вас	вы	NOUN	NN	Animacy=Inan|Case=Acc|Gender=Masc|Number=Sing	_	_	_	@ab1991f-words#@ab1991f#112.658#112.974
81	Вдовий	Вдовий	ADJ	JJL	Case=Nom|Degree=Pos|Gender=Masc|Number=Sing	_	_	_	@ab1991f-words#@ab1991f#112.974#113.29
82	пароход	пароход	NOUN	NN	Animacy=Inan|Case=Nom|Gender=Masc|Number=Sing	_	_	_	@ab1991f-words#@ab1991f#113.29#113.606
83	/	/	SYM	SYM	_	_	_	_	@ab1991f-words#@ab1991f#113.606#113.922
84	в	в	ADP	IN	_	_	_	_	@ab1991f-words#@ab1991f#113.922#114.238
85	одном	один	NUM	CD	Animacy=Inan|Case=Loc|Gender=Masc|Number=Sing|NumType=Card	_	_	_	@ab1991f-words#@ab1991f#114.238#114.554
86	из	из	ADP	IN	_	_	_	_	@ab1991f-words#@ab1991f#114.554#114.87
87	интервью	интервью	NOUN	NN	Animacy=Inan|Case=Loc|Gender=Neut|Number=Sing	_	_	_	@ab1991f-words#@ab1991f#114.87#115.186
88	сказала	сказать	NOUN	NN	Animacy=Inan|Case=Gen|Gender=Masc|Number=Sing	_	_	_	@ab1991f-words#@ab1991f#115.186#115.502
89	что	что	SCONJ	IN	_	_	_	_	@ab1991f-words#@ab1991f#115.502#115.818
90	/	/	SYM	SYM	_	_	_	_	@ab1991f-words#@ab1991f#115.818#116.134
91	удивляется	удивляться	VERB	VBC	Aspect=Imp|Mood=Ind|Number=Sing|Person=3|Tense=Pres|VerbForm=Fin|Voice=Mid	_	_	_	@ab1991f-words#@ab1991f#116.134#116.45
92	как	как	ADP	IN	_	_	_	_	@ab1991f-words#@ab1991f#116.45#116.766
93	/	/	SYM	SYM	_	_	_	_	@ab1991f-words#@ab1991f#116.766#117.082
94	в	в	ADP	IN	_	_	_	_	@ab1991f-words#@ab1991f#117.082#117.398
95	советском	советский	ADJ	JJL	Case=Loc|Degree=Pos|Gender=Masc|Number=Sing	_	_	_	@ab1991f-words#@ab1991f#117.398#117.714
96	союзе	союз	NOUN	NN	Animacy=Inan|Case=Loc|Gender=Masc|Number=Sing	_	_	_	@ab1991f-words#@ab1991f#117.714#118.03
97	да	Да	PROPN	NNP	Animacy=Anim|Case=Gen|Gender=Masc|Number=Sing	_	_	_	@ab1991f-words#@ab1991f#118.03#118.346
98	ещё	еще	ADV	RB	Degree=Pos	_	_	_	@ab1991f-words#@ab1991f#118.346#118.662
99	и	и	CCONJ	CC	_	_	_	_	@ab1991f-words#@ab1991f#118.662#118.978
100	в	в	ADP	IN	_	_	_	_	@ab1991f-words#@ab1991f#118.978#119.294
101	актёрской	актерский	ADJ	JJL	Case=Loc|Degree=Pos|Gender=Fem|Number=Sing	_	_	_	@ab1991f-words#@ab1991f#119.294#119.61
102	среде	среда	NOUN	NN	Animacy=Inan|Case=Loc|Gender=Fem|Number=Sing	_	_	_	@ab1991f-words#@ab1991f#119.61#119.926
103	св...	св...	NOUN	NN	Animacy=Inan|Case=Gen|Gender=Masc|Number=Sing	_	_	_	@ab1991f-words#@ab1991f#119.926#120.242
104	смог	смочь	VERB	VBC	Aspect=Perf|Gender=Masc|Mood=Ind|Number=Sing|Tense=Past|VerbForm=Fin|Voice=Act	_	_	_	@ab1991f-words#@ab1991f#120.242#120.558
105	сформироваться	сформироваться	VERB	VB	Aspect=Imp|VerbForm=Inf|Voice=Mid	_	_	_	@ab1991f-words#@ab1991f#120.558#120.874
106	/	/	SYM	SYM	_	_	_	_	@ab1991f-words#@ab1991f#120.874#121.19
107	вот	вот	PART	UH	_	_	_	_	@ab1991f-words#@ab1991f#121.19#121.506
108	такой	такой	DET	DT	Case=Gen|Gender=Fem|Number=Sing	_	_	_	@ab1991f-words#@ab1991f#121.506#121.822
109	принципиальный	принципиальный	ADJ	JJL	Case=Nom|Degree=Pos|Gender=Masc|Number=Sing	_	_	_	@ab1991f-words#@ab1991f#121.822#122.138
110	/	/	SYM	SYM	_	_	_	_	@ab1991f-words#@ab1991f#122.138#122.454
111	бескомпромиссный	бескомпромиссный	ADJ	JJL	Case=Nom|Degree=Pos|Gender=Masc|Number=Sing	_	_	_	@ab1991f-words#@ab1991f#122.454#122.77
112	человек	человек	NOUN	NN	Animacy=Anim|Case=Nom|Gender=Masc|Number=Sing	_	_	_	@ab1991f-words#@ab1991f#122.77#123.086
113	как	как	ADP	IN	_	_	_	_	@ab1991f-words#@ab1991f#123.086#123.402
114	вы	вы	PRON	PRP	Case=Nom|Number=Plur|Person=2	_	_	_	@ab1991f-words#@ab1991f#123.402#123.718
115	а	а	CCONJ	CC	_	_	_	_	@ab1991f-words#@ab1991f#123.718#124.034
116	в	в	ADP	IN	_	_	_	_	@ab1991f-words#@ab1991f#124.034#124.35
117	чём	что	PRON	WP	Animacy=Inan|Case=Loc|Gender=Neut|Number=Sing	_	_	_	@ab1991f-words#@ab1991f#124.35#124.666
118	проявляется	проявляться	VERB	VBC	Aspect=Imp|Mood=Ind|Number=Sing|Person=3|Tense=Pres|VerbForm=Fin|Voice=Mid	_	_	_	@ab1991f-words#@ab1991f#124.666#124.982
119	ваша	ваш	NOUN	NN	Animacy=Inan|Case=Nom|Gender=Fem|Number=Sing	_	_	_	@ab1991f-words#@ab1991f#124.982#125.298
120	бескомпромиссность	бескомпромиссность	NOUN	NN	Animacy=Inan|Case=Nom|Gender=Fem|Number=Sing	_	_	_	@ab1991f-words#@ab1991f#125.298#125.614
121	?	?	PUNCT	.	_	_	_	_	@ab1991f-words#@ab1991f#125.614#125.94
122	а	а	CCONJ	CC	_	_	_	_	@ab1991f-words#@ab1991f#146.5#146.75
123	вот	вот	PART	UH	_	_	_	_	@ab1991f-words#@ab1991f#146.75#147.0
124	оголяться	оголяться	VERB	VB	Aspect=Perf|VerbForm=Inf|Voice=Mid	_	_	_	@ab1991f-words#@ab1991f#147.0#147.25
125	на	на	ADP	IN	_	_	_	_	@ab1991f-words#@ab1991f#147.25#147.5
126	сцене	сцена	NOUN	NN	Animacy=Inan|Case=Loc|Gender=Fem|Number=Sing	_	_	_	@ab1991f-words#@ab1991f#147.5#147.75
127	?	?	PUNCT	.	_	_	_	_	@ab1991f-words#@ab1991f#147.75#148.0
128	а	а	CCONJ	CC	_	_	_	_	@ab1991f-words#@ab1991f#167.39#167.735
129	в	в	ADP	IN	_	_	_	_	@ab1991f-words#@ab1991f#167.735#168.08
130	профессии	профессия	NOUN	NN	Animacy=Inan|Case=Loc|Gender=Fem|Number=Sing	_	_	_	@ab1991f-words#@ab1991f#168.08#168.425
131	/	/	SYM	SYM	_	_	_	_	@ab1991f-words#@ab1991f#168.425#168.77
132	а	а	CCONJ	CC	_	_	_	_	@ab1991f-words#@ab1991f#168.77#169.115
133	/	/	SYM	SYM	_	_	_	_	@ab1991f-words#@ab1991f#169.115#169.46
134	жёсткость	жёсткость	NOUN	NN	Animacy=Inan|Case=Nom|Gender=Fem|Number=Sing	_	_	_	@ab1991f-words#@ab1991f#169.46#169.805
135	определённая	определенный	ADJ	JJL	Case=Nom|Degree=Pos|Gender=Fem|Number=Sing	_	_	_	@ab1991f-words#@ab1991f#169.805#170.15
136	характера	характер	NOUN	NN	Animacy=Inan|Case=Nom|Gender=Fem|Number=Sing	_	_	_	@ab1991f-words#@ab1991f#170.15#170.495
137	/	/	SYM	SYM	_	_	_	_	@ab1991f-words#@ab1991f#170.495#170.84
138	в	в	ADP	IN	_	_	_	_	@ab1991f-words#@ab1991f#170.84#171.185
139	актёрской	актерский	ADJ	JJL	Case=Loc|Degree=Pos|Gender=Fem|Number=Sing	_	_	_	@ab1991f-words#@ab1991f#171.185#171.53
140	профессии	профессия	NOUN	NN	Animacy=Inan|Case=Loc|Gender=Fem|Number=Sing	_	_	_	@ab1991f-words#@ab1991f#171.53#171.875
141	помогает	помогать	VERB	VBC	Aspect=Imp|Mood=Ind|Number=Sing|Person=3|Tense=Pres|VerbForm=Fin|Voice=Act	_	_	_	@ab1991f-words#@ab1991f#171.875#172.22
142	женщине	женщина	PROPN	NNP	Animacy=Anim|Case=Loc|Gender=Masc|Number=Sing	_	_	_	@ab1991f-words#@ab1991f#172.22#172.565
143	или	или	CCONJ	CC	_	_	_	_	@ab1991f-words#@ab1991f#172.565#172.91
144	мешает	мешает	VERB	VBC	Aspect=Imp|Mood=Ind|Number=Sing|Person=3|Tense=Pres|VerbForm=Fin|Voice=Act	_	_	_	@ab1991f-words#@ab1991f#172.91#173.255
145	?	?	PUNCT	.	_	_	_	_	@ab1991f-words#@ab1991f#173.255#173.61
146	то	то	PRON	DT	Animacy=Inan|Case=Nom|Gender=Neut|Number=Sing	_	_	_	@ab1991f-words#@ab1991f#210.45#210.706
147	есть	быть	VERB	VBC	Aspect=Imp|Mood=Ind|Number=Sing|Person=3|Tense=Pres|VerbForm=Fin|Voice=Act	_	_	_	@ab1991f-words#@ab1991f#210.706#210.962
148	вы	вы	PRON	PRP	Case=Nom|Number=Plur|Person=2	_	_	_	@ab1991f-words#@ab1991f#210.962#211.218
149	человек	человек	NOUN	NN	Animacy=Anim|Case=Nom|Gender=Masc|Number=Sing	_	_	_	@ab1991f-words#@ab1991f#211.218#211.474
150	команды	команда	NOUN	NN	Animacy=Inan|Case=Gen|Gender=Fem|Number=Sing	_	_	_	@ab1991f-words#@ab1991f#211.474#211.73
151	всё-таки	всё-так	NOUN	NN	Animacy=Inan|Case=Gen|Gender=Fem|Number=Sing	_	_	_	@ab1991f-words#@ab1991f#222.09#222.59
152	принципы	принцип	NOUN	NN	Animacy=Inan|Case=Gen|Gender=Fem|Number=Sing	_	_	_	@ab1991f-words#@ab1991f#222.59#223.09
153	а	а	CCONJ	CC	_	_	_	_	@ab1991f-words#@ab1991f#255.5#255.76
154	он	он	PRON	PRP	Case=Nom|Gender=Masc|Number=Sing|Person=3	_	_	_	@ab1991f-words#@ab1991f#255.76#256.02
155	как	как	ADP	IN	_	_	_	_	@ab1991f-words#@ab1991f#256.02#256.28
156	режиссёр	режиссер	NOUN	NN	Animacy=Anim|Case=Nom|Gender=Masc|Number=Sing	_	_	_	@ab1991f-words#@ab1991f#256.28#256.54
157	выступает	выступать	VERB	VBC	Aspect=Imp|Mood=Ind|Number=Sing|Person=3|Tense=Pres|VerbForm=Fin|Voice=Act	_	_	_	@ab1991f-words#@ab1991f#256.54#256.8
158	ну	но	NOUN	NN	Animacy=Inan|Case=Acc|Gender=Fem|Number=Sing	_	_	_	@ab1991f-words#@ab1991f#271.24#271.508
159	для	для	ADP	IN	_	_	_	_	@ab1991f-words#@ab1991f#271.508#271.776
160	актёра	актер	NOUN	NN	Animacy=Anim|Case=Gen|Gender=Masc|Number=Sing	_	_	_	@ab1991f-words#@ab1991f#271.776#272.044
161	ведь	ведь	ADV	RB	Degree=Pos	_	_	_	@ab1991f-words#@ab1991f#272.044#272.312
162	важно	важно	ADJ	PRED	Degree=Pos|Gender=Neut|Number=Sing|Variant=Short	_	_	_	@ab1991f-words#@ab1991f#272.312#272.58
163	также	также	CCONJ	CC	_	_	_	_	@ab1991f-words#@ab1991f#272.58#272.848
164	и	и	CCONJ	CC	_	_	_	_	@ab1991f-words#@ab1991f#272.848#273.116
165	наверное	наверный	ADJ	JJL	Case=Nom|Degree=Pos|Gender=Neut|Number=Sing	_	_	_	@ab1991f-words#@ab1991f#273.116#273.384
166	/	/	SYM	SYM	_	_	_	_	@ab1991f-words#@ab1991f#273.384#273.652
167	получить	получить	VERB	VB	Aspect=Perf|VerbForm=Inf|Voice=Act	_	_	_	@ab1991f-words#@ab1991f#273.652#273.92
168	удовольствие	удовольствие	NOUN	NN	Animacy=Inan|Case=Acc|Gender=Neut|Number=Sing	_	_	_	@ab1991f-words#@ab1991f#273.92#274.188
169	от	от	ADP	IN	_	_	_	_	@ab1991f-words#@ab1991f#274.188#274.456
170	процесса	процесс	NOUN	NN	Animacy=Inan|Case=Gen|Gender=Masc|Number=Sing	_	_	_	@ab1991f-words#@ab1991f#274.456#274.724
171	но	но	CCONJ	CC	_	_	_	_	@ab1991f-words#@ab1991f#274.724#274.992
172	и	и	CCONJ	CC	_	_	_	_	@ab1991f-words#@ab1991f#274.992#275.26
173	важен	важный	VERB	VBNH	Animacy=Inan|Aspect=Perf|Case=Nom|Gender=Masc|Number=Sing|Tense=Past|Variant=Short|VerbForm=Part|Voice=Pass	_	_	_	@ab1991f-words#@ab1991f#275.26#275.528
174	результат	результат	NOUN	NN	Animacy=Inan|Case=Nom|Gender=Masc|Number=Sing	_	_	_	@ab1991f-words#@ab1991f#275.528#275.796
175	наверное	наверный	ADJ	JJL	Case=Nom|Degree=Pos|Gender=Neut|Number=Sing	_	_	_	@ab1991f-words#@ab1991f#275.796#276.064
176	да	да	NOUN	NN	Animacy=Inan|Case=Gen|Gender=Masc|Number=Sing	_	_	_	@ab1991f-words#@ab1991f#276.064#276.332
177	?	?	PUNCT	.	_	_	_	_	@ab1991f-words#@ab1991f#276.332#276.6
178	на	на	ADP	IN	_	_	_	_	@ab1991f-words#@ab1991f#276.6#276.868
179	/	/	SYM	SYM	_	_	_	_	@ab1991f-words#@ab1991f#276.868#277.136
180	на	на	ADP	IN	_	_	_	_	@ab1991f-words#@ab1991f#277.136#277.404
181	зрителя	зритель	NOUN	NN	Animacy=Anim|Case=Gen|Gender=Masc|Number=Sing	_	_	_	@ab1991f-words#@ab1991f#277.404#277.68
182	совпадает	совпадать	VERB	VBC	Aspect=Imp|Mood=Ind|Number=Sing|Person=3|Tense=Pres|VerbForm=Fin|Voice=Act	_	_	_	@ab1991f-words#@ab1991f#279.28#280.1
183	аа	аа	NOUN	NN	Animacy=Inan|Case=Gen|Gender=Masc|Number=Sing	_	_	_	@ab1991f-words#@ab1991f#315.0#315.312
184	вот	вот	PART	UH	_	_	_	_	@ab1991f-words#@ab1991f#315.312#315.624
185	с	с	ADP	IN	_	_	_	_	@ab1991f-words#@ab1991f#315.624#315.936
186	каким	какой	DET	DT	Case=Ins|Gender=Masc|Number=Sing	_	_	_	@ab1991f-words#@ab1991f#315.936#316.248
187	режиссёром	режиссер	NOUN	NN	Animacy=Inan|Case=Ins|Gender=Masc|Number=Sing	_	_	_	@ab1991f-words#@ab1991f#316.248#316.56
188	комфортнее	комфортно	ADV	RBR	Degree=Cmp	_	_	_	@ab1991f-words#@ab1991f#316.56#316.872
189	?	?	PUNCT	.	_	_	_	_	@ab1991f-words#@ab1991f#316.872#317.184
190	который	который	PRON	AWP	Animacy=Inan|Case=Nom|Gender=Masc|Number=Sing	_	_	_	@ab1991f-words#@ab1991f#317.184#317.496
191	/	/	SYM	SYM	_	_	_	_	@ab1991f-words#@ab1991f#317.496#317.808
192	аа	аа	NOUN	NN	Animacy=Inan|Case=Gen|Gender=Masc|Number=Sing	_	_	_	@ab1991f-words#@ab1991f#317.808#318.12
193	/	/	SYM	SYM	_	_	_	_	@ab1991f-words#@ab1991f#318.12#318.432
194	авторитарно	авторитарно	ADV	RB	Degree=Pos	_	_	_	@ab1991f-words#@ab1991f#318.432#318.744
195	диктует	диктовать	VERB	VBC	Aspect=Imp|Mood=Ind|Number=Sing|Person=3|Tense=Pres|VerbForm=Fin|Voice=Act	_	_	_	@ab1991f-words#@ab1991f#318.744#319.056
196	роль	роль	NOUN	NN	Animacy=Inan|Case=Acc|Gender=Fem|Number=Sing	_	_	_	@ab1991f-words#@ab1991f#319.056#319.368
197	или	или	CCONJ	CC	_	_	_	_	@ab1991f-words#@ab1991f#319.368#319.68
198	который	который	PRON	AWP	Animacy=Inan|Case=Acc|Gender=Masc|Number=Sing	_	_	_	@ab1991f-words#@ab1991f#319.68#319.992
199	позволяет	позволять	VERB	VBC	Aspect=Imp|Mood=Ind|Number=Sing|Person=3|Tense=Pres|VerbForm=Fin|Voice=Act	_	_	_	@ab1991f-words#@ab1991f#319.992#320.304
200	вносить	вносить	VERB	VB	Aspect=Perf|VerbForm=Inf|Voice=Act	_	_	_	@ab1991f-words#@ab1991f#320.304#320.616
201	что-то	что-то	PRON	NN	Animacy=Inan|Case=Nom|Gender=Neut|Number=Sing	_	_	_	@ab1991f-words#@ab1991f#320.616#320.928
202	своё	свой	DET	PRP$	Case=Acc|Gender=Neut|Number=Sing	_	_	_	@ab1991f-words#@ab1991f#320.928#321.24
203	?	?	PUNCT	.	_	_	_	_	@ab1991f-words#@ab1991f#321.24#321.552
204	и	и	CCONJ	CC	_	_	_	_	@ab1991f-words#@ab1991f#321.552#321.864
205	кстати	кстать	VERB	VB	Aspect=Perf|VerbForm=Inf|Voice=Act	_	_	_	@ab1991f-words#@ab1991f#321.864#322.176
206	каким	какой	DET	DT	Case=Ins|Gender=Masc|Number=Sing	_	_	_	@ab1991f-words#@ab1991f#322.176#322.488
207	режиссёром	режиссер	NOUN	NN	Animacy=Inan|Case=Ins|Gender=Masc|Number=Sing	_	_	_	@ab1991f-words#@ab1991f#322.488#322.8
208	ваш	ваш	X	FW	Foreign=Yes	_	_	_	@ab1991f-words#@ab1991f#322.8#323.112
209	сын	сын	NOUN	NN	Animacy=Anim|Case=Nom|Gender=Masc|Number=Sing	_	_	_	@ab1991f-words#@ab1991f#323.112#323.424
210	становится	становиться	VERB	VBC	Aspect=Imp|Mood=Ind|Number=Sing|Person=3|Tense=Pres|VerbForm=Fin|Voice=Mid	_	_	_	@ab1991f-words#@ab1991f#323.424#323.736
211	?	?	PUNCT	.	_	_	_	_	@ab1991f-words#@ab1991f#323.736#324.05
212	нет	нет	VERB	VBC	Aspect=Imp|Mood=Ind|Number=Sing|Person=3|Tense=Pres|VerbForm=Fin|Voice=Act	_	_	_	@omo1947f-words#@omo1947f#31.51#31.832
213	/	/	SYM	SYM	_	_	_	_	@omo1947f-words#@omo1947f#31.832#32.154
214	не	не	PART	NEG	Polarity=Neg	_	_	_	@omo1947f-words#@omo1947f#32.154#32.476
215	соглашусь	соглашусь	PROPN	NNP	Animacy=Inan|Case=Nom|Gender=Fem|Number=Sing	_	_	_	@omo1947f-words#@omo1947f#32.476#32.8
216	никак	никак	ADP	IN	_	_	_	_	@omo1947f-words#@omo1947f#34.15#34.515
217	/	/	SYM	SYM	_	_	_	_	@omo1947f-words#@omo1947f#34.515#34.88
218	счастливым	счастливый	ADJ	JJL	Case=Ins|Degree=Pos|Gender=Neut|Number=Sing	_	_	_	@omo1947f-words#@omo1947f#34.88#35.245
219	можно	можно	VERB	PRED	Degree=Pos	_	_	_	@omo1947f-words#@omo1947f#35.245#35.61
220	быть	быть	AUX	VB	Aspect=Imp|VerbForm=Inf	_	_	_	@omo1947f-words#@omo1947f#35.61#35.975
221	/	/	SYM	SYM	_	_	_	_	@omo1947f-words#@omo1947f#35.975#36.34
222	и	и	CCONJ	CC	_	_	_	_	@omo1947f-words#@omo1947f#36.34#36.705
223	не	не	PART	NEG	Polarity=Neg	_	_	_	@omo1947f-words#@omo1947f#36.705#37.07
224	знаменитым	знаменитый	ADJ	ORD	Case=Ins|Degree=Pos|Gender=Masc|Number=Sing	_	_	_	@omo1947f-words#@omo1947f#37.07#37.435
225	/	/	SYM	SYM	_	_	_	_	@omo1947f-words#@omo1947f#37.435#37.8
226	и	и	CCONJ	CC	_	_	_	_	@omo1947f-words#@omo1947f#37.8#38.165
227	даже	даже	PART	UH	_	_	_	_	@omo1947f-words#@omo1947f#38.165#38.53
228	чаще	часто	ADV	RBR	Degree=Cmp	_	_	_	@omo1947f-words#@omo1947f#38.53#38.895
229	всего	всё	PRON	DT	Animacy=Inan|Case=Gen|Gender=Neut|Number=Sing	_	_	_	@omo1947f-words#@omo1947f#38.895#39.26
230	счастливым	счастливый	ADJ	JJL	Case=Ins|Degree=Pos|Gender=Neut|Number=Sing	_	_	_	@omo1947f-words#@omo1947f#40.0#40.28
231	можно	можно	VERB	PRED	Degree=Pos	_	_	_	@omo1947f-words#@omo1947f#40.28#40.56
232	жить	жить	VERB	VB	Aspect=Imp|VerbForm=Inf|Voice=Act	_	_	_	@omo1947f-words#@omo1947f#40.56#40.84
233	в	в	ADP	IN	_	_	_	_	@omo1947f-words#@omo1947f#40.84#41.12
234	деревне	деревня	NOUN	NN	Animacy=Inan|Case=Loc|Gender=Fem|Number=Sing	_	_	_	@omo1947f-words#@omo1947f#41.12#41.4
235	и	и	CCONJ	CC	_	_	_	_	@omo1947f-words#@omo1947f#41.4#41.68
236	/	/	SYM	SYM	_	_	_	_	@omo1947f-words#@omo1947f#41.68#41.96
237	делать	делать	VERB	VB	Aspect=Perf|VerbForm=Inf|Voice=Act	_	_	_	@omo1947f-words#@omo1947f#41.96#42.24
238	своё	свой	DET	PRP$	Case=Acc|Gender=Neut|Number=Sing	_	_	_	@omo1947f-words#@omo1947f#42.24#42.52
239	дело	дело	NOUN	NN	Animacy=Inan|Case=Acc|Gender=Neut|Number=Sing	_	_	_	@omo1947f-words#@omo1947f#42.52#42.8
240	и	и	CCONJ	CC	_	_	_	_	@omo1947f-words#@omo1947f#42.8#43.08
241	быть	быть	AUX	VB	Aspect=Imp|VerbForm=Inf	_	_	_	@omo1947f-words#@omo1947f#43.08#43.36
242	счастливым	счастливый	ADJ	JJL	Case=Ins|Degree=Pos|Gender=Masc|Number=Sing	_	_	_	@omo1947f-words#@omo1947f#43.36#43.65
243	но	но	CCONJ	CC	_	_	_	_	@omo1947f-words#@omo1947f#43.7#44.05
244	/	/	SYM	SYM	_	_	_	_	@omo1947f-words#@omo1947f#44.05#44.4
245	знаменитость	знаменитость	NOUN	NN	Animacy=Inan|Case=Acc|Gender=Fem|Number=Sing	_	_	_	@omo1947f-words#@omo1947f#44.4#44.75
246	совершенно	совершенно	ADV	RB	Degree=Pos	_	_	_	@omo1947f-words#@omo1947f#44.75#45.1
247	не	не	PART	NEG	Polarity=Neg	_	_	_	@omo1947f-words#@omo1947f#45.1#45.45
248	адекватна	адекватный	ADJ	JJH	Degree=Pos|Gender=Fem|Number=Sing|Variant=Short	_	_	_	@omo1947f-words#@omo1947f#45.45#45.8
249	/	/	SYM	SYM	_	_	_	_	@omo1947f-words#@omo1947f#45.8#46.15
250	э	э	NOUN	NN	Animacy=Inan|Case=Gen|Gender=Fem|Number=Sing	_	_	_	@omo1947f-words#@omo1947f#46.15#46.5
251	/	/	SYM	SYM	_	_	_	_	@omo1947f-words#@omo1947f#46.5#46.85
252	счастью	счастье	NOUN	NN	Animacy=Inan|Case=Ins|Gender=Fem|Number=Sing	_	_	_	@omo1947f-words#@omo1947f#46.85#47.2
253	так	так	ADV	RB	Degree=Pos	_	_	_	@omo1947f-words#@omo1947f#52.57#53.07
254	ну	на	NOUN	NN	Animacy=Inan|Case=Acc|Gender=Fem|Number=Sing	_	_	_	@omo1947f-words#@omo1947f#54.9#55.08
255	а	а	CCONJ	CC	_	_	_	_	@omo1947f-words#@omo1947f#55.08#55.26
256	как	как	ADV	WRB	_	_	_	_	@omo1947f-words#@omo1947f#55.26#55.44
257	иначе	иначе	ADV	RB	Degree=Pos	_	_	_	@omo1947f-words#@omo1947f#55.44#55.62
258	?	?	PUNCT	.	_	_	_	_	@omo1947f-words#@omo1947f#55.62#55.8
259	просто	просто	PART	UH	_	_	_	_	@omo1947f-words#@omo1947f#56.4#56.673
260	покрасоваться	покрасоваться	VERB	VB	Aspect=Imp|VerbForm=Inf|Voice=Mid	_	_	_	@omo1947f-words#@omo1947f#56.673#56.946
261	вышел	выйти	VERB	VBC	Aspect=Perf|Gender=Masc|Mood=Ind|Number=Sing|Tense=Past|VerbForm=Fin|Voice=Act	_	_	_	@omo1947f-words#@omo1947f#56.946#57.219
262	на	на	ADP	IN	_	_	_	_	@omo1947f-words#@omo1947f#57.219#57.492
263	сцену	сцена	NOUN	NN	Animacy=Inan|Case=Acc|Gender=Fem|Number=Sing	_	_	_	@omo1947f-words#@omo1947f#57.492#57.765
264	?	?	PUNCT	.	_	_	_	_	@omo1947f-words#@omo1947f#57.765#58.04
265	это	этот	PART	UH	_	_	_	_	@omo1947f-words#@omo1947f#59.31#59.725
266	[нрзб]	[нрзб]	PROPN	NNP	Animacy=Anim|Case=Nom|Gender=Masc|Number=Sing	_	_	_	@omo1947f-words#@omo1947f#59.725#60.14
267	конечно	конечно	ADV	RB	Degree=Pos	_	_	_	@omo1947f-words#@omo1947f#63.18#63.68
268	развлекательный	развлекательный	ADJ	JJL	Case=Nom|Degree=Pos|Gender=Masc|Number=Sing	_	_	_	@omo1947f-words#@omo1947f#64.95#65.291
269	/	/	SYM	SYM	_	_	_	_	@omo1947f-words#@omo1947f#65.291#65.632
270	умный	умный	NOUN	NN	Animacy=Anim|Case=Nom|Gender=Masc|Number=Sing	_	_	_	@omo1947f-words#@omo1947f#65.632#65.973
271	должен	должен	ADJ	JJH	Case=Nom|Degree=Pos|Gender=Masc|Number=Sing|Variant=Short	_	_	_	@omo1947f-words#@omo1947f#65.973#66.314
272	быть	быть	VERB	VB	Aspect=Perf|VerbForm=Inf|Voice=Act	_	_	_	@omo1947f-words#@omo1947f#66.314#66.655
273	театр	театр	NOUN	NN	Animacy=Inan|Case=Acc|Gender=Masc|Number=Sing	_	_	_	@omo1947f-words#@omo1947f#66.655#67.0
274	всё	весь	DET	PRP$	Case=Acc|Gender=Neut|Number=Sing	_	_	_	@omo1947f-words#@omo1947f#67.5#67.754
275	равно	равно	ADJ	JJH	Degree=Pos|Gender=Neut|Number=Sing|Variant=Short	_	_	_	@omo1947f-words#@omo1947f#67.754#68.008
276	это	это	PRON	DT	Animacy=Inan|Case=Nom|Gender=Neut|Number=Sing	_	_	_	@omo1947f-words#@omo1947f#68.008#68.262
277	это	это	PRON	DT	Animacy=Inan|Case=Nom|Gender=Neut|Number=Sing	_	_	_	@omo1947f-words#@omo1947f#68.262#68.516
278	что-то	что-то	PRON	NN	Animacy=Inan|Case=Nom|Gender=Neut|Number=Sing	_	_	_	@omo1947f-words#@omo1947f#68.516#68.77
279	/	/	SYM	SYM	_	_	_	_	@omo1947f-words#@omo1947f#68.77#69.024
280	это	это	PRON	DT	Animacy=Inan|Case=Nom|Gender=Neut|Number=Sing	_	_	_	@omo1947f-words#@omo1947f#69.024#69.278
281	/	/	SYM	SYM	_	_	_	_	@omo1947f-words#@omo1947f#69.278#69.532
282	м	м	NOUN	NN	Animacy=Inan|Case=Acc|Gender=Masc|Number=Sing	_	_	_	@omo1947f-words#@omo1947f#69.532#69.786
283	ну	ин	NOUN	NN	Animacy=Inan|Case=Acc|Gender=Fem|Number=Sing	_	_	_	@omo1947f-words#@omo1947f#69.786#70.04
284	/	/	SYM	SYM	_	_	_	_	@omo1947f-words#@omo1947f#70.04#70.294
285	всё	всё	PRON	DT	Animacy=Inan|Case=Nom|Gender=Neut|Number=Sing	_	_	_	@omo1947f-words#@omo1947f#70.294#70.548
286	равно	равно	ADJ	JJH	Degree=Pos|Gender=Neut|Number=Sing|Variant=Short	_	_	_	@omo1947f-words#@omo1947f#70.548#70.802
287	это	это	PRON	DT	Animacy=Inan|Case=Nom|Gender=Neut|Number=Sing	_	_	_	@omo1947f-words#@omo1947f#70.802#71.056
288	проповедь	проповедь	SCONJ	IN	_	_	_	_	@omo1947f-words#@omo1947f#71.056#71.31
289	чего-то	чего-то	PRON	NN	Animacy=Inan|Case=Nom|Gender=Neut|Number=Sing	_	_	_	@omo1947f-words#@omo1947f#71.31#71.57
290	чего-то	чего-то	ADV	RB	Degree=Pos	_	_	_	@omo1947f-words#@omo1947f#72.22#72.558
291	не	не	PART	NEG	Polarity=Neg	_	_	_	@omo1947f-words#@omo1947f#72.558#72.896
292	просто	прость	PART	RB	_	_	_	_	@omo1947f-words#@omo1947f#72.896#73.234
293	/	/	SYM	SYM	_	_	_	_	@omo1947f-words#@omo1947f#73.234#73.572
294	м	м	NOUN	NN	Animacy=Inan|Case=Acc|Gender=Masc|Number=Sing	_	_	_	@omo1947f-words#@omo1947f#73.572#73.91
295	развлекательный	развлекательный	ADJ	JJL	Animacy=Inan|Case=Acc|Degree=Pos|Gender=Masc|Number=Sing	_	_	_	@omo1947f-words#@omo1947f#73.91#74.248
296	театр	театр	NOUN	NN	Animacy=Inan|Case=Acc|Gender=Masc|Number=Sing	_	_	_	@omo1947f-words#@omo1947f#74.248#74.586
297	/	/	SYM	SYM	_	_	_	_	@omo1947f-words#@omo1947f#74.586#74.924
298	щас-то	щас-то	PRON	NN	Animacy=Inan|Case=Nom|Gender=Neut|Number=Sing	_	_	_	@omo1947f-words#@omo1947f#74.924#75.262
299	есть	быть	VERB	VBC	Aspect=Imp|Mood=Ind|Number=Sing|Person=3|Tense=Pres|VerbForm=Fin|Voice=Act	_	_	_	@omo1947f-words#@omo1947f#75.262#75.6
300	такие	такой	DET	DT	Animacy=Inan|Case=Acc|Number=Plur	_	_	_	@omo1947f-words#@omo1947f#75.6#75.938
301	шоу	шоу	NOUN	NN	Animacy=Inan|Case=Gen|Gender=Neut|Number=Plur	_	_	_	@omo1947f-words#@omo1947f#75.938#76.276
302	от	от	ADP	IN	_	_	_	_	@omo1947f-words#@omo1947f#76.276#76.614
303	которых	который	PRON	AWP	Animacy=Inan|Case=Gen|Number=Plur	_	_	_	@omo1947f-words#@omo1947f#76.614#76.952
304	воротит	воротить	NOUN	NN	Animacy=Inan|Case=Nom|Gender=Masc|Number=Sing	_	_	_	@omo1947f-words#@omo1947f#76.952#77.29
305	и	и	CCONJ	CC	_	_	_	_	@omo1947f-words#@omo1947f#77.29#77.628
306	тошнит	тошнить	NOUN	NN	Animacy=Inan|Case=Nom|Gender=Masc|Number=Sing	_	_	_	@omo1947f-words#@omo1947f#77.628#77.966
307	вообще	вообще	ADV	RB	Degree=Pos	_	_	_	@omo1947f-words#@omo1947f#77.966#78.304
308	понимаете	понимать	VERB	VBC	Aspect=Imp|Mood=Ind|Number=Plur|Person=2|Tense=Pres|VerbForm=Fin|Voice=Act	_	_	_	@omo1947f-words#@omo1947f#78.304#78.642
309	и	и	CCONJ	CC	_	_	_	_	@omo1947f-words#@omo1947f#78.642#78.98
310	/	/	SYM	SYM	_	_	_	_	@omo1947f-words#@omo1947f#78.98#79.318
311	и	и	CCONJ	CC	_	_	_	_	@omo1947f-words#@omo1947f#79.318#79.656
312	всё	всё	PRON	DT	Animacy=Inan|Case=Nom|Gender=Neut|Number=Sing	_	_	_	@omo1947f-words#@omo1947f#79.656#80.0
313	не	не	PART	NEG	Polarity=Neg	_	_	_	@omo1947f-words#@omo1947f#80.5#80.78
314	нужно	нужный	ADJ	PRED	Degree=Pos|Gender=Neut|Number=Sing|Variant=Short	_	_	_	@omo1947f-words#@omo1947f#80.78#81.06
315	такое	такой	DET	DT	Case=Nom|Gender=Neut|Number=Sing	_	_	_	@omo1947f-words#@omo1947f#81.06#81.34
316	/	/	SYM	SYM	_	_	_	_	@omo1947f-words#@omo1947f#81.34#81.62
317	это	это	PRON	DT	Animacy=Inan|Case=Nom|Gender=Neut|Number=Sing	_	_	_	@omo1947f-words#@omo1947f#81.62#81.9
318	не	не	PART	NEG	Polarity=Neg	_	_	_	@omo1947f-words#@omo1947f#81.9#82.18
319	/	/	SYM	SYM	_	_	_	_	@omo1947f-words#@omo1947f#82.18#82.46
320	это	это	PRON	DT	Animacy=Inan|Case=Nom|Gender=Neut|Number=Sing	_	_	_	@omo1947f-words#@omo1947f#82.46#82.74
321	не	не	PART	NEG	Polarity=Neg	_	_	_	@omo1947f-words#@omo1947f#82.74#83.02
322	это	это	PRON	DT	Animacy=Inan|Case=Nom|Gender=Neut|Number=Sing	_	_	_	@omo1947f-words#@omo1947f#83.8#84.25
323	просто	просто	PART	UH	_	_	_	_	@omo1947f-words#@omo1947f#84.25#84.7
324	чтобы	чтобы	SCONJ	IN	_	_	_	_	@omo1947f-words#@omo1947f#85.41#85.728
325	это	это	PRON	DT	Animacy=Inan|Case=Nom|Gender=Neut|Number=Sing	_	_	_	@omo1947f-words#@omo1947f#85.728#86.046
326	не	не	PART	NEG	Polarity=Neg	_	_	_	@omo1947f-words#@omo1947f#86.046#86.364
327	было	быть	VERB	VBC	Aspect=Imp|Gender=Neut|Mood=Ind|Number=Sing|Tense=Past|VerbForm=Fin|Voice=Act	_	_	_	@omo1947f-words#@omo1947f#86.364#86.682
328	просто	просто	PART	UH	_	_	_	_	@omo1947f-words#@omo1947f#86.682#87.0
329	зарабатывание	зарабатывание	NOUN	NN	Animacy=Inan|Case=Nom|Gender=Neut|Number=Sing	_	_	_	@omo1947f-words#@omo1947f#87.0#87.318
330	денег	деньги	NOUN	NN	Animacy=Inan|Case=Gen|Gender=Fem|Number=Plur	_	_	_	@omo1947f-words#@omo1947f#87.318#87.636
331	или	или	CCONJ	CC	_	_	_	_	@omo1947f-words#@omo1947f#87.636#87.954
332	/	/	SYM	SYM	_	_	_	_	@omo1947f-words#@omo1947f#87.954#88.272
333	пошлятина	пошлятина	NOUN	NN	Animacy=Inan|Case=Nom|Gender=Fem|Number=Sing	_	_	_	@omo1947f-words#@omo1947f#88.272#88.59
334	понимаете	понимать	VERB	VBC	Aspect=Imp|Mood=Ind|Number=Plur|Person=2|Tense=Pres|VerbForm=Fin|Voice=Act	_	_	_	@omo1947f-words#@omo1947f#88.59#88.908
335	всё	всё	PRON	DT	Animacy=Inan|Case=Acc|Gender=Neut|Number=Sing	_	_	_	@omo1947f-words#@omo1947f#88.908#89.226
336	а	а	CCONJ	CC	_	_	_	_	@omo1947f-words#@omo1947f#89.226#89.544
337	всё	всё	DET	PRP$	Case=Acc|Gender=Neut|Number=Sing	_	_	_	@omo1947f-words#@omo1947f#89.544#89.862
338	остальное	остальной	ADJ	JJL	Case=Acc|Degree=Pos|Gender=Neut|Number=Sing	_	_	_	@omo1947f-words#@omo1947f#89.862#90.18
339	конечно	конечно	ADV	RB	Degree=Pos	_	_	_	@omo1947f-words#@omo1947f#90.18#90.498
340	/	/	SYM	SYM	_	_	_	_	@omo1947f-words#@omo1947f#90.498#90.816
341	либо	либо	CCONJ	CC	_	_	_	_	@omo1947f-words#@omo1947f#90.816#91.134
342	исповедь	исповедь	NOUN	NN	Animacy=Inan|Case=Nom|Gender=Fem|Number=Sing	_	_	_	@omo1947f-words#@omo1947f#91.134#91.452
343	либо	либо	CCONJ	CC	_	_	_	_	@omo1947f-words#@omo1947f#91.452#91.77
344	проповедь	проповедь	NOUN	NN	Animacy=Inan|Case=Nom|Gender=Fem|Number=Sing	_	_	_	@omo1947f-words#@omo1947f#91.77#92.088
345	/	/	SYM	SYM	_	_	_	_	@omo1947f-words#@omo1947f#92.088#92.406
346	в	в	ADP	IN	_	_	_	_	@omo1947f-words#@omo1947f#92.406#92.724
347	лю...	лю...	PROPN	NNP	Abbr=Yes	_	_	_	@omo1947f-words#@omo1947f#92.724#93.042
348	в	в	ADP	IN	_	_	_	_	@omo1947f-words#@omo1947f#93.042#93.36
349	любой	любой	DET	DT	Case=Loc|Gender=Fem|Number=Sing	_	_	_	@omo1947f-words#@omo1947f#93.36#93.678
350	манере	манера	NOUN	NN	Animacy=Inan|Case=Loc|Gender=Fem|Number=Sing	_	_	_	@omo1947f-words#@omo1947f#93.678#93.996
351	/	/	SYM	SYM	_	_	_	_	@omo1947f-words#@omo1947f#93.996#94.314
352	понимаете	понимает	NOUN	NN	Animacy=Inan|Case=Loc|Gender=Masc|Number=Sing	_	_	_	@omo1947f-words#@omo1947f#94.314#94.632
353	?	?	PUNCT	.	_	_	_	_	@omo1947f-words#@omo1947f#94.632#94.95
354	замечательное	замечательный	ADJ	JJL	Case=Nom|Degree=Pos|Gender=Neut|Number=Sing	_	_	_	@omo1947f-words#@omo1947f#98.88#99.465
355	/	/	SYM	SYM	_	_	_	_	@omo1947f-words#@omo1947f#99.465#100.05
356	да	да	NOUN	NN	Animacy=Inan|Case=Nom|Gender=Fem|Number=Sing	_	_	_	@omo1947f-words#@omo1947f#100.05#100.635
357	/	/	SYM	SYM	_	_	_	_	@omo1947f-words#@omo1947f#100.635#101.22
358	замечательное	замечательный	ADJ	JJL	Case=Nom|Degree=Pos|Gender=Neut|Number=Sing	_	_	_	@omo1947f-words#@omo1947f#101.22#101.805
359	/	/	SYM	SYM	_	_	_	_	@omo1947f-words#@omo1947f#101.805#102.39
360	неравноценные	неравноценный	ADJ	JJL	Case=Nom|Degree=Pos|Number=Plur	_	_	_	@omo1947f-words#@omo1947f#102.39#102.975
361	спектакли	спектакль	VERB	VBC	Aspect=Perf|Mood=Ind|Number=Plur|Tense=Past|VerbForm=Fin|Voice=Act	_	_	_	@omo1947f-words#@omo1947f#102.975#103.56
362	естественно	естественно	ADV	RB	Degree=Pos	_	_	_	@omo1947f-words#@omo1947f#103.56#104.145
363	/	/	SYM	SYM	_	_	_	_	@omo1947f-words#@omo1947f#104.145#104.73
364	теа...	теа...	PUNCT	:	_	_	_	_	@omo1947f-words#@omo1947f#104.73#105.315
365	городки	городок	NOUN	NN	Animacy=Inan|Case=Nom|Gender=Masc|Number=Plur	_	_	_	@omo1947f-words#@omo1947f#105.315#105.9
366	маленькие	маленький	ADJ	JJL	Case=Nom|Degree=Pos|Number=Plur	_	_	_	@omo1947f-words#@omo1947f#105.9#106.485
367	но	но	CCONJ	CC	_	_	_	_	@omo1947f-words#@omo1947f#106.485#107.07
368	есть	быть	VERB	VBC	Aspect=Imp|Mood=Ind|Number=Plur|Person=3|Tense=Pres|VerbForm=Fin|Voice=Act	_	_	_	@omo1947f-words#@omo1947f#107.07#107.655
369	просто	просто	PART	UH	_	_	_	_	@omo1947f-words#@omo1947f#107.655#108.24
370	/	/	SYM	SYM	_	_	_	_	@omo1947f-words#@omo1947f#108.24#108.825
371	абсолютно	абсолютно	ADV	RB	Degree=Pos	_	_	_	@omo1947f-words#@omo1947f#108.825#109.41
372	потрясающие	потрясать	VERB	VBNL	Animacy=Inan|Aspect=Imp|Case=Nom|Number=Plur|Tense=Pres|VerbForm=Part|Voice=Act	_	_	_	@omo1947f-words#@omo1947f#109.41#110.0
373	всё	всё	PRON	DT	Animacy=Inan|Case=Nom|Gender=Neut|Number=Sing	_	_	_	@omo1947f-words#@omo1947f#126.8#127.1
374	идёт	идти	VERB	VBC	Aspect=Imp|Mood=Ind|Number=Sing|Person=3|Tense=Pres|VerbForm=Fin|Voice=Act	_	_	_	@omo1947f-words#@omo1947f#127.1#127.4
375	из	из	ADP	IN	_	_	_	_	@omo1947f-words#@omo1947f#127.4#127.7
376	детства	детство	NOUN	NN	Animacy=Inan|Case=Gen|Gender=Neut|Number=Sing	_	_	_	@omo1947f-words#@omo1947f#127.7#128.0
377	и	и	CCONJ	CC	_	_	_	_	@omo1947f-words#@omo1947f#128.92#129.18
378	я	я	PRON	PRP	Case=Nom|Number=Sing|Person=1	_	_	_	@omo1947f-words#@omo1947f#129.18#129.44
379	не	не	PART	NEG	Polarity=Neg	_	_	_	@omo1947f-words#@omo1947f#129.44#129.7
380	/	/	SYM	SYM	_	_	_	_	@omo1947f-words#@omo1947f#129.7#129.96
381	скажу	скажа	NOUN	NN	Animacy=Inan|Case=Acc|Gender=Fem|Number=Sing	_	_	_	@omo1947f-words#@omo1947f#129.96#130.22
382	что	что	SCONJ	IN	_	_	_	_	@omo1947f-words#@omo1947f#130.22#130.48
383	я	я	PRON	PRP	Case=Nom|Number=Sing|Person=1	_	_	_	@omo1947f-words#@omo1947f#130.48#130.74
384	принципиальна	принципиальть	VERB	VBNH	Animacy=Inan|Aspect=Perf|Case=Nom|Gender=Fem|Number=Sing|Tense=Past|Variant=Short|VerbForm=Part|Voice=Pass	_	_	_	@omo1947f-words#@omo1947f#130.74#131.0
385	просто	просто	PART	UH	_	_	_	_	@omo1947f-words#@omo1947f#131.0#131.26
386	у	у	ADP	IN	_	_	_	_	@omo1947f-words#@omo1947f#131.26#131.52
387	меня	я	PRON	PRP	Case=Gen|Number=Sing|Person=1	_	_	_	@omo1947f-words#@omo1947f#131.52#131.78
388	есть	быть	VERB	VBC	Aspect=Imp|Mood=Ind|Number=Sing|Person=3|Tense=Pres|VerbForm=Fin|Voice=Act	_	_	_	@omo1947f-words#@omo1947f#131.78#132.04
389	какие-то	какие-то	DET	DT	Case=Nom|Gender=Fem|Number=Sing	_	_	_	@omo1947f-words#@omo1947f#132.04#132.3
390	/	/	SYM	SYM	_	_	_	_	@omo1947f-words#@omo1947f#132.3#132.56
391	ну	на	NOUN	NN	Animacy=Inan|Case=Acc|Gender=Fem|Number=Sing	_	_	_	@omo1947f-words#@omo1947f#132.56#132.82
392	какие-то	какие-то	DET	DT	Case=Nom|Gender=Fem|Number=Sing	_	_	_	@omo1947f-words#@omo1947f#132.82#133.08
393	у	у	ADP	IN	_	_	_	_	@omo1947f-words#@omo1947f#136.0#136.327
394	меня	я	PRON	PRP	Case=Gen|Number=Sing|Person=1	_	_	_	@omo1947f-words#@omo1947f#136.327#136.654
395	есть	быть	VERB	VBC	Aspect=Imp|Mood=Ind|Number=Sing|Person=3|Tense=Pres|VerbForm=Fin|Voice=Act	_	_	_	@omo1947f-words#@omo1947f#136.654#136.981
396	и	и	PART	UH	_	_	_	_	@omo1947f-words#@omo1947f#136.981#137.308
397	как	как	ADP	IN	_	_	_	_	@omo1947f-words#@omo1947f#137.308#137.635
398	бы	бы	AUX	RP	_	_	_	_	@omo1947f-words#@omo1947f#137.635#137.962
399	ч...	ч…	PUNCT	:	_	_	_	_	@omo1947f-words#@omo1947f#137.962#138.289
400	что	что	PRON	WP	Animacy=Inan|Case=Acc|Gender=Neut|Number=Sing	_	_	_	@omo1947f-words#@omo1947f#138.289#138.616
401	есть	быть	VERB	VBC	Aspect=Imp|Mood=Ind|Number=Sing|Person=3|Tense=Pres|VerbForm=Fin|Voice=Act	_	_	_	@omo1947f-words#@omo1947f#138.616#138.943
402	стыдно	стыдно	ADV	RB	Degree=Pos	_	_	_	@omo1947f-words#@omo1947f#138.943#139.27
403	/	/	SYM	SYM	_	_	_	_	@omo1947f-words#@omo1947f#139.27#139.597
404	сйчас	сйчас	ADV	RB	Degree=Pos	_	_	_	@omo1947f-words#@omo1947f#139.597#139.924
405	это	это	PRON	DT	Animacy=Inan|Case=Nom|Gender=Neut|Number=Sing	_	_	_	@omo1947f-words#@omo1947f#139.924#140.251
406	совсем	совсем	ADV	RB	Degree=Pos	_	_	_	@omo1947f-words#@omo1947f#140.251#140.578
407	уходит	уходить	VERB	VBC	Aspect=Imp|Mood=Ind|Number=Sing|Person=3|Tense=Pres|VerbForm=Fin|Voice=Act	_	_	_	@omo1947f-words#@omo1947f#140.578#140.905
408	/	/	SYM	SYM	_	_	_	_	@omo1947f-words#@omo1947f#140.905#141.232
409	абсолютно	абсолютно	ADV	RB	Degree=Pos	_	_	_	@omo1947f-words#@omo1947f#141.232#141.559
410	/	/	SYM	SYM	_	_	_	_	@omo1947f-words#@omo1947f#141.559#141.886
411	что	что	PRON	WP	Animacy=Inan|Case=Acc|Gender=Neut|Number=Sing	_	_	_	@omo1947f-words#@omo1947f#141.886#142.213
412	есть	быть	VERB	VBC	Aspect=Imp|Mood=Ind|Number=Sing|Person=3|Tense=Pres|VerbForm=Fin|Voice=Act	_	_	_	@omo1947f-words#@omo1947f#142.213#142.54
413	безнравственно	безнравственно	ADV	RB	Degree=Pos	_	_	_	@omo1947f-words#@omo1947f#142.54#142.867
414	/	/	SYM	SYM	_	_	_	_	@omo1947f-words#@omo1947f#142.867#143.194
415	тоже	тоже	PART	IN	_	_	_	_	@omo1947f-words#@omo1947f#143.194#143.521
416	уходит	уходить	VERB	VBC	Aspect=Imp|Mood=Ind|Number=Sing|Person=3|Tense=Pres|VerbForm=Fin|Voice=Act	_	_	_	@omo1947f-words#@omo1947f#143.521#143.848
417	/	/	SYM	SYM	_	_	_	_	@omo1947f-words#@omo1947f#143.848#144.175
418	всё	всё	PRON	DT	Animacy=Inan|Case=Nom|Gender=Neut|Number=Sing	_	_	_	@omo1947f-words#@omo1947f#144.175#144.502
419	нравственно	нравственно	ADV	RB	Degree=Pos	_	_	_	@omo1947f-words#@omo1947f#144.502#144.829
420	/	/	SYM	SYM	_	_	_	_	@omo1947f-words#@omo1947f#144.829#145.156
421	всё	всё	PRON	DT	Animacy=Inan|Case=Nom|Gender=Neut|Number=Sing	_	_	_	@omo1947f-words#@omo1947f#145.156#145.483
422	можно	можно	VERB	PRED	Degree=Pos	_	_	_	@omo1947f-words#@omo1947f#145.483#145.81
423	/	/	SYM	SYM	_	_	_	_	@omo1947f-words#@omo1947f#145.81#146.137
424	понимаете	понимать	VERB	VBC	Aspect=Imp|Mood=Ind|Number=Plur|Person=2|Tense=Pres|VerbForm=Fin|Voice=Act	_	_	_	@omo1947f-words#@omo1947f#146.137#146.48
425	и	и	CCONJ	CC	_	_	_	_	@omo1947f-words#@omo1947f#146.85#147.097
426	это	это	PRON	DT	Animacy=Inan|Case=Nom|Gender=Neut|Number=Sing	_	_	_	@omo1947f-words#@omo1947f#147.097#147.344
427	не	не	PART	NEG	Polarity=Neg	_	_	_	@omo1947f-words#@omo1947f#147.344#147.591
428	в	в	ADP	IN	_	_	_	_	@omo1947f-words#@omo1947f#147.591#147.838
429	теат...	теат...	NOUN	NN	Animacy=Inan|Case=Gen|Gender=Masc|Number=Sing	_	_	_	@omo1947f-words#@omo1947f#147.838#148.085
430	не	не	PART	NEG	Polarity=Neg	_	_	_	@omo1947f-words#@omo1947f#148.085#148.332
431	в	в	ADP	IN	_	_	_	_	@omo1947f-words#@omo1947f#148.332#148.579
432	теат...	теат...	NOUN	NN	Animacy=Inan|Case=Gen|Gender=Masc|Number=Sing	_	_	_	@omo1947f-words#@omo1947f#148.579#148.826
433	на	на	ADP	IN	_	_	_	_	@omo1947f-words#@omo1947f#148.826#149.073
434	сцене	сцена	NOUN	NN	Animacy=Inan|Case=Loc|Gender=Fem|Number=Sing	_	_	_	@omo1947f-words#@omo1947f#149.073#149.32
435	можно	можно	VERB	PRED	Degree=Pos	_	_	_	@omo1947f-words#@omo1947f#149.32#149.567
436	всё	всё	PRON	DT	Animacy=Inan|Case=Acc|Gender=Neut|Number=Sing	_	_	_	@omo1947f-words#@omo1947f#149.567#149.82
437	лишь	лишь	PART	UH	_	_	_	_	@omo1947f-words#@omo1947f#150.61#150.9
438	бы	бы	AUX	RP	_	_	_	_	@omo1947f-words#@omo1947f#150.9#151.19
439	это	это	PRON	DT	Animacy=Inan|Case=Nom|Gender=Neut|Number=Sing	_	_	_	@omo1947f-words#@omo1947f#151.19#151.48
440	было	быть	AUX	VBC	Aspect=Imp|Gender=Neut|Mood=Ind|Number=Sing|Tense=Past|VerbForm=Fin	_	_	_	@omo1947f-words#@omo1947f#151.48#151.77
441	/	/	SYM	SYM	_	_	_	_	@omo1947f-words#@omo1947f#151.77#152.06
442	не	не	PART	NEG	Polarity=Neg	_	_	_	@omo1947f-words#@omo1947f#152.06#152.35
443	пошло	пойти	VERB	VBC	Aspect=Imp|Gender=Neut|Mood=Ind|Number=Sing|Tense=Past|VerbForm=Fin|Voice=Act	_	_	_	@omo1947f-words#@omo1947f#152.35#152.64
444	и	и	CCONJ	CC	_	_	_	_	@omo1947f-words#@omo1947f#152.64#152.93
445	во	во	ADP	IN	_	_	_	_	@omo1947f-words#@omo1947f#152.93#153.22
446	имя	имя	NOUN	NN	Animacy=Inan|Case=Acc|Gender=Neut|Number=Sing	_	_	_	@omo1947f-words#@omo1947f#153.22#153.51
447	чего	что	PRON	WP	Animacy=Inan|Case=Gen|Gender=Neut|Number=Sing	_	_	_	@omo1947f-words#@omo1947f#153.51#153.8
448	/	/	SYM	SYM	_	_	_	_	@omo1947f-words#@omo1947f#153.8#154.09
449	и	и	CCONJ	CC	_	_	_	_	@omo1947f-words#@omo1947f#154.09#154.38
450	во	во	ADP	IN	_	_	_	_	@omo1947f-words#@omo1947f#154.38#154.67
451	имя	имя	NOUN	NN	Animacy=Inan|Case=Acc|Gender=Neut|Number=Sing	_	_	_	@omo1947f-words#@omo1947f#154.67#154.96
452	чего	что	PRON	WP	Animacy=Inan|Case=Gen|Gender=Neut|Number=Sing	_	_	_	@omo1947f-words#@omo1947f#154.96#155.25
453	/	/	SYM	SYM	_	_	_	_	@omo1947f-words#@omo1947f#155.25#155.54
454	понимаете	понимать	VERB	VBC	Aspect=Imp|Mood=Ind|Number=Plur|Person=2|Tense=Pres|VerbForm=Fin|Voice=Act	_	_	_	@omo1947f-words#@omo1947f#155.54#155.83
455	/	/	SYM	SYM	_	_	_	_	@omo1947f-words#@omo1947f#155.83#156.12
456	вот	вот	PART	UH	_	_	_	_	@omo1947f-words#@omo1947f#156.12#156.41
457	и	и	CCONJ	CC	_	_	_	_	@omo1947f-words#@omo1947f#156.41#156.7
458	всё	всё	ADV	RB	Degree=Pos	_	_	_	@omo1947f-words#@omo1947f#156.7#156.99
459	/	/	SYM	SYM	_	_	_	_	@omo1947f-words#@omo1947f#156.99#157.28
460	а	а	CCONJ	CC	_	_	_	_	@omo1947f-words#@omo1947f#157.28#157.57
461	когда	когда	ADV	WRB	_	_	_	_	@omo1947f-words#@omo1947f#157.57#157.86
462	/	/	SYM	SYM	_	_	_	_	@omo1947f-words#@omo1947f#157.86#158.15
463	и	и	CCONJ	CC	_	_	_	_	@omo1947f-words#@omo1947f#158.15#158.44
464	пошло	пойти	ADV	RB	Degree=Pos	_	_	_	@omo1947f-words#@omo1947f#158.44#158.73
465	/	/	SYM	SYM	_	_	_	_	@omo1947f-words#@omo1947f#158.73#159.02
466	и	и	CCONJ	CC	_	_	_	_	@omo1947f-words#@omo1947f#159.02#159.31
467	не	не	PART	NEG	Polarity=Neg	_	_	_	@omo1947f-words#@omo1947f#159.31#159.6
468	понятно	понятть	ADV	RB	Degree=Pos	_	_	_	@omo1947f-words#@omo1947f#159.6#159.89
469	во	во	ADP	IN	_	_	_	_	@omo1947f-words#@omo1947f#159.89#160.18
470	имя	имя	NOUN	NN	Animacy=Inan|Case=Acc|Gender=Neut|Number=Sing	_	_	_	@omo1947f-words#@omo1947f#160.18#160.47
471	чего	что	PRON	WP	Animacy=Inan|Case=Gen|Gender=Neut|Number=Sing	_	_	_	@omo1947f-words#@omo1947f#160.47#160.76
472	показать	показать	VERB	VB	Aspect=Perf|VerbForm=Inf|Voice=Act	_	_	_	@omo1947f-words#@omo1947f#160.76#161.05
473	там	там	ADV	RB	Degree=Pos	_	_	_	@omo1947f-words#@omo1947f#161.05#161.34
474	ножку	ножка	NOUN	NN	Animacy=Inan|Case=Acc|Gender=Fem|Number=Sing	_	_	_	@omo1947f-words#@omo1947f#161.34#161.63
475	или	или	CCONJ	CC	_	_	_	_	@omo1947f-words#@omo1947f#161.63#161.92
476	что-то	что-то	ADV	RB	Degree=Pos	_	_	_	@omo1947f-words#@omo1947f#161.92#162.21
477	ещё	еще	ADV	RB	Degree=Pos	_	_	_	@omo1947f-words#@omo1947f#162.21#162.5
478	там	там	ADV	RB	Degree=Pos	_	_	_	@omo1947f-words#@omo1947f#162.5#162.79
479	какую-то	какую-то	DET	DT	Case=Nom|Gender=Fem|Number=Sing	_	_	_	@omo1947f-words#@omo1947f#162.79#163.08
480	часть	часть	NOUN	NN	Animacy=Inan|Case=Nom|Gender=Fem|Number=Sing	_	_	_	@omo1947f-words#@omo1947f#163.08#163.37
481	тела	тело	NOUN	NN	Animacy=Inan|Case=Gen|Gender=Neut|Number=Sing	_	_	_	@omo1947f-words#@omo1947f#163.37#163.66
482	/	/	SYM	SYM	_	_	_	_	@omo1947f-words#@omo1947f#163.66#163.95
483	это	это	PRON	DT	Animacy=Inan|Case=Nom|Gender=Neut|Number=Sing	_	_	_	@omo1947f-words#@omo1947f#163.95#164.24
484	всё	весь	ADV	RB	Degree=Pos	_	_	_	@omo1947f-words#@omo1947f#164.24#164.53
485	кошмар	кошмар	NOUN	NN	Animacy=Inan|Case=Nom|Gender=Masc|Number=Sing	_	_	_	@omo1947f-words#@omo1947f#166.0#166.5
486	а	а	CCONJ	CC	_	_	_	_	@omo1947f-words#@omo1947f#174.7#175.007
487	я	я	PRON	PRP	Case=Nom|Number=Sing|Person=1	_	_	_	@omo1947f-words#@omo1947f#175.007#175.314
488	не	не	PART	NEG	Polarity=Neg	_	_	_	@omo1947f-words#@omo1947f#175.314#175.621
489	скажу	скажа	NOUN	NN	Animacy=Inan|Case=Acc|Gender=Fem|Number=Sing	_	_	_	@omo1947f-words#@omo1947f#175.621#175.928
490	что	что	SCONJ	IN	_	_	_	_	@omo1947f-words#@omo1947f#175.928#176.235
491	у	у	ADP	IN	_	_	_	_	@omo1947f-words#@omo1947f#176.235#176.542
492	меня	я	PRON	PRP	Case=Gen|Number=Sing|Person=1	_	_	_	@omo1947f-words#@omo1947f#176.542#176.849
493	жёсткий	жёсткий	ADJ	JJL	Animacy=Inan|Case=Acc|Degree=Pos|Gender=Masc|Number=Sing	_	_	_	@omo1947f-words#@omo1947f#176.849#177.156
494	характер	характер	NOUN	NN	Animacy=Inan|Case=Acc|Gender=Masc|Number=Sing	_	_	_	@omo1947f-words#@omo1947f#177.156#177.463
495	/	/	SYM	SYM	_	_	_	_	@omo1947f-words#@omo1947f#177.463#177.77
496	я	я	PRON	PRP	Case=Nom|Number=Sing|Person=1	_	_	_	@omo1947f-words#@omo1947f#177.77#178.077
497	человек	человек	NOUN	NN	Animacy=Anim|Case=Nom|Gender=Masc|Number=Sing	_	_	_	@omo1947f-words#@omo1947f#178.077#178.384
498	очень	очень	ADV	RB	Degree=Pos	_	_	_	@omo1947f-words#@omo1947f#178.384#178.691
499	мягкий	мягкий	ADJ	JJL	Case=Nom|Degree=Pos|Gender=Masc|Number=Sing	_	_	_	@omo1947f-words#@omo1947f#178.691#179.0
500	я	я	PRON	PRP	Case=Nom|Number=Sing|Person=1	_	_	_	@omo1947f-words#@omo1947f#179.99#180.49
501	жёсткость	жёсткодать	NOUN	NN	Animacy=Inan|Case=Nom|Gender=Fem|Number=Sing	_	_	_	@omo1947f-words#@omo1947f#181.4#182.0
502	характера	характер	NOUN	NN	Animacy=Inan|Case=Gen|Gender=Masc|Number=Sing	_	_	_	@omo1947f-words#@omo1947f#182.0#182.6
503	ну	на	PROPN	NNP	Animacy=Anim|Case=Dat|Gender=Masc|Number=Sing	_	_	_	@omo1947f-words#@omo1947f#182.96#183.21
504	не	не	PART	NEG	Polarity=Neg	_	_	_	@omo1947f-words#@omo1947f#183.21#183.46
505	знаю	знать	NOUN	NN	Animacy=Inan|Case=Dat|Gender=Masc|Number=Sing	_	_	_	@omo1947f-words#@omo1947f#183.46#183.71
506	да	да	NOUN	NN	Animacy=Inan|Case=Gen|Gender=Masc|Number=Sing	_	_	_	@omo1947f-words#@omo1947f#183.71#183.96
507	/	/	SYM	SYM	_	_	_	_	@omo1947f-words#@omo1947f#183.96#184.21
508	у	у	ADP	IN	_	_	_	_	@omo1947f-words#@omo1947f#184.21#184.46
509	меня	я	PRON	PRP	Case=Gen|Number=Sing|Person=1	_	_	_	@omo1947f-words#@omo1947f#184.46#184.71
510	не	не	PART	NEG	Polarity=Neg	_	_	_	@omo1947f-words#@omo1947f#184.71#184.96
511	жёсткий	жёсткий	ADJ	JJL	Animacy=Inan|Case=Acc|Degree=Pos|Gender=Masc|Number=Sing	_	_	_	@omo1947f-words#@omo1947f#184.96#185.21
512	характер	характер	NOUN	NN	Animacy=Inan|Case=Acc|Gender=Masc|Number=Sing	_	_	_	@omo1947f-words#@omo1947f#185.21#185.46
513	понимаете	понимать	VERB	VBC	Aspect=Imp|Mood=Ind|Number=Plur|Person=2|Tense=Pres|VerbForm=Fin|Voice=Act	_	_	_	@omo1947f-words#@omo1947f#185.46#185.71
514	это	это	PRON	DT	Animacy=Inan|Case=Acc|Gender=Neut|Number=Sing	_	_	_	@omo1947f-words#@omo1947f#185.71#185.96
515	всё	весь	DET	PRP$	Case=Acc|Gender=Neut|Number=Sing	_	_	_	@omo1947f-words#@omo1947f#185.96#186.21
516	просто	просто	PART	UH	_	_	_	_	@omo1947f-words#@omo1947f#186.21#186.47
517	ну	на	NOUN	NN	Animacy=Inan|Case=Acc|Gender=Fem|Number=Sing	_	_	_	@omo1947f-words#@omo1947f#188.6#188.889
518	если	если	SCONJ	IN	_	_	_	_	@omo1947f-words#@omo1947f#188.889#189.178
519	я	я	PRON	PRP	Case=Nom|Number=Sing|Person=1	_	_	_	@omo1947f-words#@omo1947f#189.178#189.467
520	верю	верить	VERB	VBC	Aspect=Imp|Mood=Ind|Number=Sing|Person=1|Tense=Pres|VerbForm=Fin|Voice=Act	_	_	_	@omo1947f-words#@omo1947f#189.467#189.756
521	то	то	PRON	DT	Animacy=Inan|Case=Nom|Gender=Neut|Number=Sing	_	_	_	@omo1947f-words#@omo1947f#189.756#190.045
522	я	я	PRON	PRP	Case=Nom|Number=Sing|Person=1	_	_	_	@omo1947f-words#@omo1947f#190.045#190.334
523	иду	иду	ADP	IN	_	_	_	_	@omo1947f-words#@omo1947f#190.334#190.623
524	безоглядно	безоглядно	ADV	RB	Degree=Pos	_	_	_	@omo1947f-words#@omo1947f#190.623#190.912
525	понимаете	понимать	VERB	VBC	Aspect=Imp|Mood=Ind|Number=Plur|Person=2|Tense=Pres|VerbForm=Fin|Voice=Act	_	_	_	@omo1947f-words#@omo1947f#190.912#191.201
526	и	и	CCONJ	CC	_	_	_	_	@omo1947f-words#@omo1947f#191.201#191.49
527	даже	даже	PART	UH	_	_	_	_	@omo1947f-words#@omo1947f#191.49#191.779
528	/	/	SYM	SYM	_	_	_	_	@omo1947f-words#@omo1947f#191.779#192.068
529	э	э	NOUN	NN	Animacy=Inan|Case=Gen|Gender=Fem|Number=Sing	_	_	_	@omo1947f-words#@omo1947f#192.068#192.357
530	и	и	CCONJ	CC	_	_	_	_	@omo1947f-words#@omo1947f#192.357#192.646
531	даже	даже	PART	UH	_	_	_	_	@omo1947f-words#@omo1947f#192.646#192.935
532	на	на	ADP	IN	_	_	_	_	@omo1947f-words#@omo1947f#192.935#193.224
533	провал	провать	VERB	VBC	Aspect=Imp|Gender=Masc|Mood=Ind|Number=Sing|Tense=Past|VerbForm=Fin|Voice=Act	_	_	_	@omo1947f-words#@omo1947f#193.224#193.513
534	иду	ид	NOUN	NN	Animacy=Inan|Case=Acc|Gender=Fem|Number=Sing	_	_	_	@omo1947f-words#@omo1947f#193.513#193.802
535	безоглядно	безоглядно	ADV	RB	Degree=Pos	_	_	_	@omo1947f-words#@omo1947f#193.802#194.091
536	потому	потому	SCONJ	IN	_	_	_	_	@omo1947f-words#@omo1947f#194.091#194.38
537	что	что	SCONJ	IN	_	_	_	_	@omo1947f-words#@omo1947f#194.38#194.669
538	не	не	PART	NEG	Polarity=Neg	_	_	_	@omo1947f-words#@omo1947f#194.669#194.958
539	могу	мог	NOUN	NN	Animacy=Anim|Case=Dat|Gender=Masc|Number=Sing	_	_	_	@omo1947f-words#@omo1947f#194.958#195.247
540	там	там	NOUN	NN	Animacy=Inan|Case=Dat|Gender=Masc|Number=Plur	_	_	_	@omo1947f-words#@omo1947f#195.247#195.536
541	в...	в…	PUNCT	--	_	_	_	_	@omo1947f-words#@omo1947f#195.536#195.825
542	за	за	ADP	IN	_	_	_	_	@omo1947f-words#@omo1947f#195.825#196.114
543	две	два	NUM	CD	Animacy=Inan|Case=Acc|Gender=Fem|NumType=Card	_	_	_	@omo1947f-words#@omo1947f#196.114#196.403
544	недели	неделя	NOUN	NN	Animacy=Inan|Case=Gen|Gender=Fem|Number=Sing	_	_	_	@omo1947f-words#@omo1947f#196.403#196.692
545	до	до	ADP	IN	_	_	_	_	@omo1947f-words#@omo1947f#196.692#196.981
546	выпуска	выпуск	NOUN	NN	Animacy=Inan|Case=Gen|Gender=Masc|Number=Sing	_	_	_	@omo1947f-words#@omo1947f#196.981#197.27
547	/	/	SYM	SYM	_	_	_	_	@omo1947f-words#@omo1947f#197.27#197.559
548	уже	уже	ADV	RB	Degree=Pos	_	_	_	@omo1947f-words#@omo1947f#197.559#197.848
549	понимаю	понимать	VERB	VBC	Aspect=Imp|Mood=Ind|Number=Sing|Person=1|Tense=Pres|VerbForm=Fin|Voice=Act	_	_	_	@omo1947f-words#@omo1947f#197.848#198.137
550	у	у	ADP	IN	_	_	_	_	@omo1947f-words#@omo1947f#198.137#198.426
551	меня	я	PRON	PRP	Case=Gen|Number=Sing|Person=1	_	_	_	@omo1947f-words#@omo1947f#198.426#198.715
552	была	быть	AUX	VBC	Aspect=Imp|Gender=Fem|Mood=Ind|Number=Sing|Tense=Past|VerbForm=Fin	_	_	_	@omo1947f-words#@omo1947f#198.715#199.004
553	такая	такой	DET	DT	Case=Nom|Gender=Fem|Number=Sing	_	_	_	@omo1947f-words#@omo1947f#199.004#199.293
554	ситуация	ситуация	NOUN	NN	Animacy=Inan|Case=Nom|Gender=Fem|Number=Sing	_	_	_	@omo1947f-words#@omo1947f#199.293#199.582
555	понимала	понимать	VERB	VBC	Aspect=Perf|Gender=Fem|Mood=Ind|Number=Sing|Tense=Past|VerbForm=Fin|Voice=Act	_	_	_	@omo1947f-words#@omo1947f#199.582#199.871
556	что	что	SCONJ	IN	_	_	_	_	@omo1947f-words#@omo1947f#199.871#200.16
557	будет	быть	AUX	VBC	Aspect=Imp|Mood=Ind|Number=Sing|Person=3|Tense=Fut|VerbForm=Fin	_	_	_	@omo1947f-words#@omo1947f#200.16#200.449
558	будет	быть	AUX	VBC	Aspect=Imp|Mood=Ind|Number=Sing|Person=3|Tense=Fut|VerbForm=Fin	_	_	_	@omo1947f-words#@omo1947f#200.449#200.738
559	дикий	дикий	ADJ	JJL	Case=Nom|Degree=Pos|Gender=Masc|Number=Sing	_	_	_	@omo1947f-words#@omo1947f#200.738#201.027
560	провал	провать	VERB	VBC	Aspect=Imp|Gender=Masc|Mood=Ind|Number=Sing|Tense=Past|VerbForm=Fin|Voice=Act	_	_	_	@omo1947f-words#@omo1947f#201.027#201.316
561	/	/	SYM	SYM	_	_	_	_	@omo1947f-words#@omo1947f#201.316#201.605
562	и	и	CCONJ	CC	_	_	_	_	@omo1947f-words#@omo1947f#201.605#201.894
563	/	/	SYM	SYM	_	_	_	_	@omo1947f-words#@omo1947f#201.894#202.183
564	потом	потом	ADV	RB	Degree=Pos	_	_	_	@omo1947f-words#@omo1947f#202.183#202.472
565	естественно	естественно	ADV	RB	Degree=Pos	_	_	_	@omo1947f-words#@omo1947f#202.472#202.761
566	закрыли	закрыть	VERB	VBC	Aspect=Perf|Mood=Ind|Number=Plur|Tense=Past|VerbForm=Fin|Voice=Act	_	_	_	@omo1947f-words#@omo1947f#202.761#203.05
567	спектакль	спектакль	NOUN	NN	Animacy=Inan|Case=Acc|Gender=Fem|Number=Sing	_	_	_	@omo1947f-words#@omo1947f#203.05#203.339
568	и	и	CCONJ	CC	_	_	_	_	@omo1947f-words#@omo1947f#203.339#203.628
569	всё	всё	ADV	RB	Degree=Pos	_	_	_	@omo1947f-words#@omo1947f#203.628#203.917
570	/	/	SYM	SYM	_	_	_	_	@omo1947f-words#@omo1947f#203.917#204.206
571	но	но	CCONJ	CC	_	_	_	_	@omo1947f-words#@omo1947f#204.206#204.495
572	я	я	PRON	PRP	Case=Nom|Number=Sing|Person=1	_	_	_	@omo1947f-words#@omo1947f#204.495#204.784
573	шла	идти	VERB	VBC	Aspect=Perf|Gender=Fem|Mood=Ind|Number=Sing|Tense=Past|VerbForm=Fin|Voice=Act	_	_	_	@omo1947f-words#@omo1947f#204.784#205.073
574	потому	потому	SCONJ	IN	_	_	_	_	@omo1947f-words#@omo1947f#205.073#205.362
575	что	что	SCONJ	IN	_	_	_	_	@omo1947f-words#@omo1947f#205.362#205.651
576	к...	к...	PUNCT	--	_	_	_	_	@omo1947f-words#@omo1947f#205.651#205.94
577	ну	на	NOUN	NN	Animacy=Inan|Case=Acc|Gender=Fem|Number=Sing	_	_	_	@omo1947f-words#@omo1947f#205.94#206.229
578	а	а	CCONJ	CC	_	_	_	_	@omo1947f-words#@omo1947f#206.229#206.518
579	как	как	SCONJ	IN	_	_	_	_	@omo1947f-words#@omo1947f#206.518#206.807
580	как	как	ADV	WRB	_	_	_	_	@omo1947f-words#@omo1947f#206.807#207.096
581	/	/	SYM	SYM	_	_	_	_	@omo1947f-words#@omo1947f#207.096#207.385
582	вот	вот	PART	UH	_	_	_	_	@omo1947f-words#@omo1947f#207.385#207.674
583	/	/	SYM	SYM	_	_	_	_	@omo1947f-words#@omo1947f#207.674#207.963
584	взявшись	взяться	VERB	VBG	Aspect=Perf|Tense=Past|VerbForm=Conv|Voice=Act	_	_	_	@omo1947f-words#@omo1947f#207.963#208.252
585	за	за	ADP	IN	_	_	_	_	@omo1947f-words#@omo1947f#208.252#208.541
586	руки	рука	NOUN	NN	Animacy=Inan|Case=Gen|Gender=Fem|Number=Sing	_	_	_	@omo1947f-words#@omo1947f#208.541#208.83
587	уже	уже	ADV	RB	Degree=Pos	_	_	_	@omo1947f-words#@omo1947f#208.83#209.119
588	всё	всё	PRON	DT	Animacy=Inan|Case=Nom|Gender=Neut|Number=Sing	_	_	_	@omo1947f-words#@omo1947f#209.119#209.408
589	прыгаем	прыгать	VERB	VBC	Aspect=Imp|Mood=Ind|Number=Plur|Person=1|Tense=Pres|VerbForm=Fin|Voice=Act	_	_	_	@omo1947f-words#@omo1947f#209.408#209.697
590	в	в	ADP	IN	_	_	_	_	@omo1947f-words#@omo1947f#209.697#209.986
591	пропасть	пропасть	NOUN	NN	Animacy=Inan|Case=Acc|Gender=Fem|Number=Sing	_	_	_	@omo1947f-words#@omo1947f#209.986#210.3
592	нельзя	нельзь	NOUN	NN	Animacy=Anim|Case=Gen|Gender=Masc|Number=Sing	_	_	_	@omo1947f-words#@omo1947f#210.688#210.998
593	/	/	SYM	SYM	_	_	_	_	@omo1947f-words#@omo1947f#210.998#211.308
594	нельзя	нельзь	VERB	VBG	Aspect=Imp|Tense=Pres|VerbForm=Conv|Voice=Act	_	_	_	@omo1947f-words#@omo1947f#211.308#211.618
595	после	после	ADP	IN	_	_	_	_	@omo1947f-words#@omo1947f#211.618#211.928
596	/	/	SYM	SYM	_	_	_	_	@omo1947f-words#@omo1947f#211.928#212.238
597	там	там	ADV	RB	Degree=Pos	_	_	_	@omo1947f-words#@omo1947f#212.238#212.548
598	вернее	верный	ADJ	JJR	Degree=Cmp	_	_	_	@omo1947f-words#@omo1947f#212.548#212.858
599	д...	д...	PUNCT	.	_	_	_	_	@omo1947f-words#@omo1947f#212.858#213.168
600	там	там	ADV	RB	Degree=Pos	_	_	_	@omo1947f-words#@omo1947f#213.168#213.478
601	/	/	SYM	SYM	_	_	_	_	@omo1947f-words#@omo1947f#213.478#213.788
602	две	два	NUM	CD	Animacy=Inan|Case=Acc|Gender=Fem|NumType=Card	_	_	_	@omo1947f-words#@omo1947f#213.788#214.098
603	недели	неделя	NOUN	NN	Animacy=Inan|Case=Gen|Gender=Fem|Number=Sing	_	_	_	@omo1947f-words#@omo1947f#214.098#214.408
604	осталось	остаться	VERB	VBC	Aspect=Perf|Gender=Neut|Mood=Ind|Number=Sing|Tense=Past|VerbForm=Fin|Voice=Mid	_	_	_	@omo1947f-words#@omo1947f#214.408#214.718
605	до	до	ADP	IN	_	_	_	_	@omo1947f-words#@omo1947f#214.718#215.028
606	премьеры	премьера	NOUN	NN	Animacy=Inan|Case=Gen|Gender=Fem|Number=Sing	_	_	_	@omo1947f-words#@omo1947f#215.028#215.338
607	и	и	CCONJ	CC	_	_	_	_	@omo1947f-words#@omo1947f#215.338#215.648
608	говорить	говорить	VERB	VB	Aspect=Imp|VerbForm=Inf|Voice=Act	_	_	_	@omo1947f-words#@omo1947f#215.648#215.958
609	я	я	PRON	PRP	Case=Nom|Number=Sing|Person=1	_	_	_	@omo1947f-words#@omo1947f#215.958#216.268
610	не	не	PART	NEG	Polarity=Neg	_	_	_	@omo1947f-words#@omo1947f#216.268#216.578
611	буду	буду	NOUN	NN	Animacy=Inan|Case=Acc|Gender=Fem|Number=Sing	_	_	_	@omo1947f-words#@omo1947f#216.578#216.888
612	это	это	PRON	DT	Animacy=Inan|Case=Acc|Gender=Neut|Number=Sing	_	_	_	@omo1947f-words#@omo1947f#216.888#217.198
613	играть	играть	VERB	VB	Aspect=Imp|VerbForm=Inf|Voice=Act	_	_	_	@omo1947f-words#@omo1947f#217.198#217.508
614	это	это	PRON	DT	Animacy=Inan|Case=Acc|Gender=Neut|Number=Sing	_	_	_	@omo1947f-words#@omo1947f#217.508#217.818
615	провал	провать	VERB	VBC	Aspect=Perf|Gender=Masc|Mood=Ind|Number=Sing|Tense=Past|VerbForm=Fin|Voice=Act	_	_	_	@omo1947f-words#@omo1947f#217.818#218.128
616	это	это	DET	DT	Case=Acc|Gender=Neut|Number=Sing	_	_	_	@omo1947f-words#@omo1947f#218.128#218.438
617	нельзя	нельзить	NOUN	NN	Animacy=Inan|Case=Gen|Gender=Neut|Number=Sing	_	_	_	@omo1947f-words#@omo1947f#218.438#218.748
618	/	/	SYM	SYM	_	_	_	_	@omo1947f-words#@omo1947f#218.748#219.058
619	ну	на	NOUN	NN	Animacy=Inan|Case=Acc|Gender=Fem|Number=Sing	_	_	_	@omo1947f-words#@omo1947f#219.058#219.368
620	на	на	ADP	IN	_	_	_	_	@omo1947f-words#@omo1947f#219.368#219.678
621	мой	мой	DET	PRP$	Case=Nom|Gender=Masc|Number=Sing	_	_	_	@omo1947f-words#@omo1947f#219.678#219.988
622	взгляд	взгляд	NOUN	NN	Animacy=Inan|Case=Nom|Gender=Masc|Number=Sing	_	_	_	@omo1947f-words#@omo1947f#219.988#220.298
623	это	это	PRON	DT	Animacy=Inan|Case=Nom|Gender=Neut|Number=Sing	_	_	_	@omo1947f-words#@omo1947f#220.298#220.608
624	опять	опять	VERB	VB	Aspect=Perf|VerbForm=Inf|Voice=Act	_	_	_	@omo1947f-words#@omo1947f#220.608#220.918
625	мои	мой	NOUN	NN	Animacy=Inan|Case=Acc|Gender=Masc|Number=Plur	_	_	_	@omo1947f-words#@omo1947f#220.918#221.228
626	какие-то	какие-то	DET	DT	Animacy=Inan|Case=Acc|Gender=Masc|Number=Sing	_	_	_	@omo1947f-words#@omo1947f#221.228#221.544
627	ну	но	NOUN	NN	Animacy=Inan|Case=Acc|Gender=Fem|Number=Sing	_	_	_	@omo1947f-words#@omo1947f#223.188#223.616
628	какие-то	какие-то	DET	DT	Case=Nom|Gender=Fem|Number=Sing	_	_	_	@omo1947f-words#@omo1947f#223.616#224.044
629	принципы	принцип	NOUN	NN	Animacy=Inan|Case=Nom|Gender=Masc|Number=Plur	_	_	_	@omo1947f-words#@omo1947f#224.044#224.472
630	#смеётся#	#смеётся#	PROPN	NNP	Animacy=Anim|Case=Nom|Gender=Masc|Number=Sing	_	_	_	@omo1947f-words#@omo1947f#224.472#224.9
631	хотя	хотя	SCONJ	IN	_	_	_	_	@omo1947f-words#@omo1947f#225.077#225.554
632	пускаться	пускаться	VERB	VB	Aspect=Imp|VerbForm=Inf|Voice=Mid	_	_	_	@omo1947f-words#@omo1947f#225.554#226.031
633	я	я	PRON	PRP	Case=Nom|Number=Sing|Person=1	_	_	_	@omo1947f-words#@omo1947f#226.031#226.508
634	могу	мог	NOUN	NN	Animacy=Inan|Case=Acc|Gender=Fem|Number=Sing	_	_	_	@omo1947f-words#@omo1947f#226.508#226.985
635	в	в	ADP	IN	_	_	_	_	@omo1947f-words#@omo1947f#226.985#227.462
636	любую	любой	DET	DT	Case=Acc|Gender=Fem|Number=Sing	_	_	_	@omo1947f-words#@omo1947f#227.462#227.939
637	авантюру	авантюр	NOUN	NN	Animacy=Inan|Case=Acc|Gender=Fem|Number=Sing	_	_	_	@omo1947f-words#@omo1947f#227.939#228.416
638	понимаете	понимать	VERB	VBC	Aspect=Imp|Mood=Ind|Number=Plur|Person=2|Tense=Pres|VerbForm=Fin|Voice=Act	_	_	_	@omo1947f-words#@omo1947f#228.416#228.9
639	и	и	CCONJ	CC	_	_	_	_	@omo1947f-words#@omo1947f#230.0#230.379
640	сейчас	сейчас	ADV	RB	Degree=Pos	_	_	_	@omo1947f-words#@omo1947f#230.379#230.758
641	вот	вот	PART	UH	_	_	_	_	@omo1947f-words#@omo1947f#230.758#231.137
642	э	э	PROPN	NNP	Animacy=Inan|Case=Nom|Gender=Neut|Number=Sing	_	_	_	@omo1947f-words#@omo1947f#231.137#231.516
643	м...	м...	PUNCT	--	_	_	_	_	@omo1947f-words#@omo1947f#231.516#231.895
644	мой	мой	DET	PRP$	Case=Nom|Gender=Masc|Number=Sing	_	_	_	@omo1947f-words#@omo1947f#231.895#232.274
645	сын	сын	NOUN	NN	Animacy=Anim|Case=Nom|Gender=Masc|Number=Sing	_	_	_	@omo1947f-words#@omo1947f#232.274#232.653
646	репетирует	репетировать	VERB	VBC	Aspect=Imp|Mood=Ind|Number=Sing|Person=3|Tense=Pres|VerbForm=Fin|Voice=Act	_	_	_	@omo1947f-words#@omo1947f#232.653#233.032
647	/	/	SYM	SYM	_	_	_	_	@omo1947f-words#@omo1947f#233.032#233.411
648	очень	очень	ADV	RB	Degree=Pos	_	_	_	@omo1947f-words#@omo1947f#233.411#233.79
649	с...	с...	PUNCT	.	_	_	_	_	@omo1947f-words#@omo1947f#233.79#234.169
650	сложную	сложный	ADJ	JJL	Case=Acc|Degree=Pos|Gender=Fem|Number=Sing	_	_	_	@omo1947f-words#@omo1947f#234.169#234.548
651	и	и	CCONJ	CC	_	_	_	_	@omo1947f-words#@omo1947f#234.548#234.927
652	очень	очень	ADV	RB	Degree=Pos	_	_	_	@omo1947f-words#@omo1947f#234.927#235.306
653	эксцентричную	эксцентричный	ADJ	JJL	Case=Acc|Degree=Pos|Gender=Fem|Number=Sing	_	_	_	@omo1947f-words#@omo1947f#235.306#235.685
654	/	/	SYM	SYM	_	_	_	_	@omo1947f-words#@omo1947f#235.685#236.064
655	и	и	CCONJ	CC	_	_	_	_	@omo1947f-words#@omo1947f#236.064#236.443
656	очень	очень	ADV	RB	Degree=Pos	_	_	_	@omo1947f-words#@omo1947f#236.443#236.822
657	неоднозначную	неоднозначный	ADJ	JJL	Case=Acc|Degree=Pos|Gender=Fem|Number=Sing	_	_	_	@omo1947f-words#@omo1947f#236.822#237.201
658	/	/	SYM	SYM	_	_	_	_	@omo1947f-words#@omo1947f#237.201#237.58
659	инсценировку	инсценировка	NOUN	NN	Animacy=Inan|Case=Acc|Gender=Fem|Number=Sing	_	_	_	@omo1947f-words#@omo1947f#237.58#237.959
660	/	/	SYM	SYM	_	_	_	_	@omo1947f-words#@omo1947f#237.959#238.338
661	по	по	ADP	IN	_	_	_	_	@omo1947f-words#@omo1947f#238.338#238.717
662	роману	роман	NOUN	NN	Animacy=Inan|Case=Dat|Gender=Masc|Number=Sing	_	_	_	@omo1947f-words#@omo1947f#238.717#239.096
663	/	/	SYM	SYM	_	_	_	_	@omo1947f-words#@omo1947f#239.096#239.475
664	с...	с...	PUNCT	.	_	_	_	_	@omo1947f-words#@omo1947f#239.475#239.854
665	сам	сам	ADJ	JJL	Case=Nom|Degree=Pos|Gender=Masc|Number=Sing	_	_	_	@omo1947f-words#@omo1947f#239.854#240.233
666	написал	написать	VERB	VBC	Aspect=Perf|Gender=Masc|Mood=Ind|Number=Sing|Tense=Past|VerbForm=Fin|Voice=Act	_	_	_	@omo1947f-words#@omo1947f#240.233#240.612
667	со	со	ADP	IN	_	_	_	_	@omo1947f-words#@omo1947f#240.612#240.991
668	своим	свой	DET	PRP$	Case=Ins|Gender=Masc|Number=Sing	_	_	_	@omo1947f-words#@omo1947f#240.991#241.37
669	товарищем	товарище	NOUN	NN	Animacy=Inan|Case=Ins|Gender=Masc|Number=Sing	_	_	_	@omo1947f-words#@omo1947f#241.37#241.749
670	/	/	SYM	SYM	_	_	_	_	@omo1947f-words#@omo1947f#241.749#242.128
671	по	по	ADP	IN	_	_	_	_	@omo1947f-words#@omo1947f#242.128#242.507
672	роману	роман	NOUN	NN	Animacy=Inan|Case=Dat|Gender=Masc|Number=Sing	_	_	_	@omo1947f-words#@omo1947f#242.507#242.886
673	Грэма	Грэм	PROPN	NNP	Animacy=Anim|Case=Gen|Gender=Masc|Number=Sing	_	_	_	@omo1947f-words#@omo1947f#242.886#243.265
674	Грина	Грин	PROPN	NNP	Animacy=Anim|Case=Gen|Gender=Masc|Number=Sing	_	_	_	@omo1947f-words#@omo1947f#243.265#243.644
675	/	/	SYM	SYM	_	_	_	_	@omo1947f-words#@omo1947f#243.644#244.023
676	Путешествие	путешествие	NOUN	NN	Animacy=Inan|Case=Nom|Gender=Neut|Number=Sing	_	_	_	@omo1947f-words#@omo1947f#244.023#244.402
677	с	с	ADP	IN	_	_	_	_	@omo1947f-words#@omo1947f#244.402#244.781
678	моей	мой	DET	PRP$	Case=Ins|Gender=Fem|Number=Sing	_	_	_	@omo1947f-words#@omo1947f#244.781#245.16
679	тётушкой	тётушка	NOUN	NN	Animacy=Inan|Case=Ins|Gender=Fem|Number=Sing	_	_	_	@omo1947f-words#@omo1947f#245.16#245.539
680	/	/	SYM	SYM	_	_	_	_	@omo1947f-words#@omo1947f#245.539#245.918
681	очень	очень	ADV	RB	Degree=Pos	_	_	_	@omo1947f-words#@omo1947f#245.918#246.297
682	э	э	NOUN	NN	Animacy=Inan|Case=Gen|Gender=Fem|Number=Sing	_	_	_	@omo1947f-words#@omo1947f#246.297#246.676
683	и	и	CCONJ	CC	_	_	_	_	@omo1947f-words#@omo1947f#246.676#247.055
684	/	/	SYM	SYM	_	_	_	_	@omo1947f-words#@omo1947f#247.055#247.434
685	таких	такой	DET	DT	Case=Gen|Number=Plur	_	_	_	@omo1947f-words#@omo1947f#247.434#247.813
686	я	я	PRON	PRP	Case=Nom|Number=Sing|Person=1	_	_	_	@omo1947f-words#@omo1947f#247.813#248.192
687	вообще	вообще	ADV	RB	Degree=Pos	_	_	_	@omo1947f-words#@omo1947f#248.192#248.571
688	не	не	PART	NEG	Polarity=Neg	_	_	_	@omo1947f-words#@omo1947f#248.571#248.95
689	играла	играть	VERB	VBC	Aspect=Imp|Gender=Fem|Mood=Ind|Number=Sing|Tense=Past|VerbForm=Fin|Voice=Act	_	_	_	@omo1947f-words#@omo1947f#248.95#249.329
690	и	и	CCONJ	CC	_	_	_	_	@omo1947f-words#@omo1947f#249.329#249.708
691	очень	очень	ADV	RB	Degree=Pos	_	_	_	@omo1947f-words#@omo1947f#249.708#250.087
692	/	/	SYM	SYM	_	_	_	_	@omo1947f-words#@omo1947f#250.087#250.466
693	мне	я	PRON	PRP	Case=Dat|Number=Sing|Person=1	_	_	_	@omo1947f-words#@omo1947f#250.466#250.845
694	это	это	PRON	DT	Animacy=Inan|Case=Nom|Gender=Neut|Number=Sing	_	_	_	@omo1947f-words#@omo1947f#250.845#251.224
695	/	/	SYM	SYM	_	_	_	_	@omo1947f-words#@omo1947f#251.224#251.603
696	какбы	какба	NOUN	NN	Animacy=Inan|Case=Nom|Gender=Masc|Number=Plur	_	_	_	@omo1947f-words#@omo1947f#251.603#251.982
697	не	не	PART	NEG	Polarity=Neg	_	_	_	@omo1947f-words#@omo1947f#251.982#252.361
698	/	/	SYM	SYM	_	_	_	_	@omo1947f-words#@omo1947f#252.361#252.74
699	но	но	CCONJ	CC	_	_	_	_	@omo1947f-words#@omo1947f#252.74#253.119
700	я	я	PRON	PRP	Case=Nom|Number=Sing|Person=1	_	_	_	@omo1947f-words#@omo1947f#253.119#253.498
701	/	/	SYM	SYM	_	_	_	_	@omo1947f-words#@omo1947f#253.498#253.877
702	пускаюсь	пускаюсь	PROPN	NNP	Animacy=Anim|Case=Nom|Gender=Masc|Number=Sing	_	_	_	@omo1947f-words#@omo1947f#253.877#254.256
703	в	в	ADP	IN	_	_	_	_	@omo1947f-words#@omo1947f#254.256#254.635
704	эту	этот	DET	DT	Case=Acc|Gender=Fem|Number=Sing	_	_	_	@omo1947f-words#@omo1947f#254.635#255.014
705	авантюру	авантюр	NOUN	NN	Animacy=Inan|Case=Acc|Gender=Fem|Number=Sing	_	_	_	@omo1947f-words#@omo1947f#255.014#255.4
706	он	он	PRON	PRP	Case=Nom|Gender=Masc|Number=Sing|Person=3	_	_	_	@omo1947f-words#@omo1947f#256.5#256.869
707	как	как	ADP	IN	_	_	_	_	@omo1947f-words#@omo1947f#256.869#257.238
708	режиссёр	режиссер	NOUN	NN	Animacy=Anim|Case=Nom|Gender=Masc|Number=Sing	_	_	_	@omo1947f-words#@omo1947f#257.238#257.607
709	и	и	CCONJ	CC	_	_	_	_	@omo1947f-words#@omo1947f#257.607#257.976
710	как	как	ADP	IN	_	_	_	_	@omo1947f-words#@omo1947f#257.976#258.345
711	автор	автор	NOUN	NN	Animacy=Anim|Case=Nom|Gender=Masc|Number=Sing	_	_	_	@omo1947f-words#@omo1947f#258.345#258.714
712	инсценировки	инсценировка	NOUN	NN	Animacy=Inan|Case=Gen|Gender=Fem|Number=Sing	_	_	_	@omo1947f-words#@omo1947f#258.714#259.083
713	да	да	NOUN	NN	Animacy=Inan|Case=Gen|Gender=Masc|Number=Sing	_	_	_	@omo1947f-words#@omo1947f#259.083#259.452
714	/	/	SYM	SYM	_	_	_	_	@omo1947f-words#@omo1947f#259.452#259.821
715	я	я	PRON	PRP	Case=Nom|Number=Sing|Person=1	_	_	_	@omo1947f-words#@omo1947f#259.821#260.19
716	пускаюсь	пускаюсь	PROPN	NNP	Animacy=Anim|Case=Nom|Gender=Masc|Number=Sing	_	_	_	@omo1947f-words#@omo1947f#260.19#260.559
717	в	в	ADP	IN	_	_	_	_	@omo1947f-words#@omo1947f#260.559#260.928
718	эту	этот	DET	DT	Case=Acc|Gender=Fem|Number=Sing	_	_	_	@omo1947f-words#@omo1947f#260.928#261.297
719	авантюру	авантюр	NOUN	NN	Animacy=Inan|Case=Acc|Gender=Fem|Number=Sing	_	_	_	@omo1947f-words#@omo1947f#261.297#261.666
720	потому	потому	SCONJ	IN	_	_	_	_	@omo1947f-words#@omo1947f#261.666#262.035
721	что	что	SCONJ	IN	_	_	_	_	@omo1947f-words#@omo1947f#262.035#262.404
722	я	я	PRON	PRP	Case=Nom|Number=Sing|Person=1	_	_	_	@omo1947f-words#@omo1947f#262.404#262.773
723	понимаю	понимать	VERB	VBC	Aspect=Imp|Mood=Ind|Number=Sing|Person=1|Tense=Pres|VerbForm=Fin|Voice=Act	_	_	_	@omo1947f-words#@omo1947f#262.773#263.142
724	что	что	SCONJ	IN	_	_	_	_	@omo1947f-words#@omo1947f#263.142#263.511
725	намерения	намерение	NOUN	NN	Animacy=Inan|Case=Nom|Gender=Neut|Number=Plur	_	_	_	@omo1947f-words#@omo1947f#263.511#263.88
726	наши	наш	DET	PRP$	Case=Nom|Number=Plur	_	_	_	@omo1947f-words#@omo1947f#263.88#264.249
727	благие	благой	NOUN	NN	Animacy=Inan|Case=Nom|Gender=Neut|Number=Sing	_	_	_	@omo1947f-words#@omo1947f#264.249#264.618
728	/	/	SYM	SYM	_	_	_	_	@omo1947f-words#@omo1947f#264.618#264.987
729	вот	вот	PART	UH	_	_	_	_	@omo1947f-words#@omo1947f#264.987#265.356
730	понимаете	понимать	VERB	VBC	Aspect=Imp|Mood=Ind|Number=Plur|Person=2|Tense=Pres|VerbForm=Fin|Voice=Act	_	_	_	@omo1947f-words#@omo1947f#265.356#265.725
731	хотя	хотя	SCONJ	IN	_	_	_	_	@omo1947f-words#@omo1947f#265.725#266.094
732	намерениями	намерение	NOUN	NN	Animacy=Inan|Case=Ins|Gender=Neut|Number=Plur	_	_	_	@omo1947f-words#@omo1947f#266.094#266.463
733	конечно	конечно	ADV	RB	Degree=Pos	_	_	_	@omo1947f-words#@omo1947f#266.463#266.832
734	в	в	ADP	IN	_	_	_	_	@omo1947f-words#@omo1947f#266.832#267.201
735	ад	ад	NOUN	NN	Animacy=Inan|Case=Acc|Gender=Masc|Number=Sing	_	_	_	@omo1947f-words#@omo1947f#267.201#267.57
736	/	/	SYM	SYM	_	_	_	_	@omo1947f-words#@omo1947f#267.57#267.939
737	но	но	CCONJ	CC	_	_	_	_	@omo1947f-words#@omo1947f#267.939#268.308
738	намерения	намерение	NOUN	NN	Animacy=Inan|Case=Nom|Gender=Neut|Number=Plur	_	_	_	@omo1947f-words#@omo1947f#268.308#268.677
739	благие	благой	NOUN	NN	Animacy=Inan|Case=Nom|Gender=Neut|Number=Sing	_	_	_	@omo1947f-words#@omo1947f#268.677#269.046
740	а	а	CCONJ	CC	_	_	_	_	@omo1947f-words#@omo1947f#269.046#269.415
741	уже	уже	ADV	RB	Degree=Pos	_	_	_	@omo1947f-words#@omo1947f#269.415#269.784
742	дальше	далеко	ADV	RBR	Degree=Cmp	_	_	_	@omo1947f-words#@omo1947f#269.784#270.153
743	что	что	SCONJ	IN	_	_	_	_	@omo1947f-words#@omo1947f#270.153#270.522
744	получится	получиться	VERB	VBC	Aspect=Perf|Mood=Ind|Number=Sing|Person=3|Tense=Fut|VerbForm=Fin|Voice=Mid	_	_	_	@omo1947f-words#@omo1947f#270.522#270.92
745	ну	на	NOUN	NN	Animacy=Inan|Case=Acc|Gender=Fem|Number=Sing	_	_	_	@omo1947f-words#@omo1947f#277.8#278.158
746	этк...	этк...	PUNCT	.	_	_	_	_	@omo1947f-words#@omo1947f#278.158#278.516
747	хорошо	хорошо	ADV	RB	Degree=Pos	_	_	_	@omo1947f-words#@omo1947f#278.516#278.874
748	когда	когда	ADV	WRB	_	_	_	_	@omo1947f-words#@omo1947f#278.874#279.232
749	это	это	PRON	DT	Animacy=Inan|Case=Nom|Gender=Neut|Number=Sing	_	_	_	@omo1947f-words#@omo1947f#279.232#279.59
750	совпадает	совпадать	VERB	VBC	Aspect=Imp|Mood=Ind|Number=Sing|Person=3|Tense=Pres|VerbForm=Fin|Voice=Act	_	_	_	@omo1947f-words#@omo1947f#279.59#279.948
751	/	/	SYM	SYM	_	_	_	_	@omo1947f-words#@omo1947f#279.948#280.306
752	потому	потому	SCONJ	IN	_	_	_	_	@omo1947f-words#@omo1947f#280.306#280.664
753	что	что	SCONJ	IN	_	_	_	_	@omo1947f-words#@omo1947f#280.664#281.022
754	иногда	иногда	ADV	WRB	_	_	_	_	@omo1947f-words#@omo1947f#281.022#281.38
755	/	/	SYM	SYM	_	_	_	_	@omo1947f-words#@omo1947f#281.38#281.738
756	получаешь	получаешь	VERB	VB	Aspect=Perf|VerbForm=Inf|Voice=Act	_	_	_	@omo1947f-words#@omo1947f#281.738#282.096
757	от	от	ADP	IN	_	_	_	_	@omo1947f-words#@omo1947f#282.096#282.454
758	п...	п...	NOUN	NN	Animacy=Inan|Case=Gen|Gender=Masc|Number=Sing	_	_	_	@omo1947f-words#@omo1947f#282.454#282.812
759	/	/	SYM	SYM	_	_	_	_	@omo1947f-words#@omo1947f#282.812#283.17
760	от	от	ADP	IN	_	_	_	_	@omo1947f-words#@omo1947f#283.17#283.528
761	процесса	процесс	NOUN	NN	Animacy=Inan|Case=Gen|Gender=Masc|Number=Sing	_	_	_	@omo1947f-words#@omo1947f#283.528#283.886
762	от	от	ADP	IN	_	_	_	_	@omo1947f-words#@omo1947f#283.886#284.244
763	/	/	SYM	SYM	_	_	_	_	@omo1947f-words#@omo1947f#284.244#284.602
764	я	я	PRON	PRP	Case=Nom|Number=Sing|Person=1	_	_	_	@omo1947f-words#@omo1947f#284.602#284.96
765	вообще	вообще	ADV	RB	Degree=Pos	_	_	_	@omo1947f-words#@omo1947f#284.96#285.318
766	больше	много	ADV	RBR	Degree=Cmp	_	_	_	@omo1947f-words#@omo1947f#285.318#285.676
767	люблю	любль	NOUN	NN	Animacy=Inan|Case=Acc|Gender=Fem|Number=Sing	_	_	_	@omo1947f-words#@omo1947f#285.676#286.034
768	репетиции	репетиция	NOUN	NN	Animacy=Inan|Case=Gen|Gender=Fem|Number=Sing	_	_	_	@omo1947f-words#@omo1947f#286.034#286.392
769	честно	честно	ADV	RB	Degree=Pos	_	_	_	@omo1947f-words#@omo1947f#286.392#286.75
770	говоря	говорить	VERB	VBG	Aspect=Imp|Tense=Pres|VerbForm=Conv|Voice=Act	_	_	_	@omo1947f-words#@omo1947f#286.75#287.108
771	/	/	SYM	SYM	_	_	_	_	@omo1947f-words#@omo1947f#287.108#287.466
772	потому	потому	SCONJ	IN	_	_	_	_	@omo1947f-words#@omo1947f#287.466#287.824
773	что	что	SCONJ	IN	_	_	_	_	@omo1947f-words#@omo1947f#287.824#288.182
774	там	там	ADV	RB	Degree=Pos	_	_	_	@omo1947f-words#@omo1947f#288.182#288.54
775	можно	можно	VERB	PRED	Degree=Pos	_	_	_	@omo1947f-words#@omo1947f#288.54#288.898
776	и	и	CCONJ	CC	_	_	_	_	@omo1947f-words#@omo1947f#288.898#289.256
777	ошибаться	ошибаться	VERB	VB	Aspect=Imp|VerbForm=Inf|Voice=Mid	_	_	_	@omo1947f-words#@omo1947f#289.256#289.614
778	/	/	SYM	SYM	_	_	_	_	@omo1947f-words#@omo1947f#289.614#289.972
779	и	и	CCONJ	CC	_	_	_	_	@omo1947f-words#@omo1947f#289.972#290.33
780	чувствовать	чувствовать	VERB	VB	Aspect=Imp|VerbForm=Inf|Voice=Act	_	_	_	@omo1947f-words#@omo1947f#290.33#290.688
781	себя	себя	PRON	PRP	Case=Acc|Reflex=Yes	_	_	_	@omo1947f-words#@omo1947f#290.688#291.046
782	/	/	SYM	SYM	_	_	_	_	@omo1947f-words#@omo1947f#291.046#291.404
783	дураком	дурак	NOUN	NN	Animacy=Anim|Case=Ins|Gender=Masc|Number=Sing	_	_	_	@omo1947f-words#@omo1947f#291.404#291.762
784	и	и	CCONJ	CC	_	_	_	_	@omo1947f-words#@omo1947f#291.762#292.12
785	глупым	глупый	ADJ	JJL	Case=Ins|Degree=Pos|Gender=Masc|Number=Sing	_	_	_	@omo1947f-words#@omo1947f#292.12#292.478
786	и	и	CCONJ	CC	_	_	_	_	@omo1947f-words#@omo1947f#292.478#292.836
787	/	/	SYM	SYM	_	_	_	_	@omo1947f-words#@omo1947f#292.836#293.194
788	и	и	CCONJ	CC	_	_	_	_	@omo1947f-words#@omo1947f#293.194#293.552
789	/	/	SYM	SYM	_	_	_	_	@omo1947f-words#@omo1947f#293.552#293.91
790	бездарным	бездарный	ADJ	JJL	Case=Ins|Degree=Pos|Gender=Masc|Number=Sing	_	_	_	@omo1947f-words#@omo1947f#293.91#294.268
791	какое-то	какое-то	DET	DT	Animacy=Inan|Case=Acc|Gender=Masc|Number=Sing	_	_	_	@omo1947f-words#@omo1947f#294.268#294.626
792	время	время	NOUN	NN	Animacy=Inan|Case=Acc|Gender=Neut|Number=Sing	_	_	_	@omo1947f-words#@omo1947f#294.626#294.984
793	и	и	CCONJ	CC	_	_	_	_	@omo1947f-words#@omo1947f#294.984#295.342
794	/	/	SYM	SYM	_	_	_	_	@omo1947f-words#@omo1947f#295.342#295.7
795	и	и	CCONJ	CC	_	_	_	_	@omo1947f-words#@omo1947f#295.7#296.058
796	неталантливым	неталантливый	ADJ	ORD	Case=Ins|Gender=Masc|Number=Sing	_	_	_	@omo1947f-words#@omo1947f#296.058#296.416
797	понимаете	понимать	VERB	VBC	Aspect=Imp|Mood=Ind|Number=Plur|Person=2|Tense=Pres|VerbForm=Fin|Voice=Act	_	_	_	@omo1947f-words#@omo1947f#296.416#296.774
798	/	/	SYM	SYM	_	_	_	_	@omo1947f-words#@omo1947f#296.774#297.132
799	там	там	ADV	RB	Degree=Pos	_	_	_	@omo1947f-words#@omo1947f#297.132#297.49
800	можно	можно	VERB	PRED	Degree=Pos	_	_	_	@omo1947f-words#@omo1947f#297.49#297.848
801	всё	весь	DET	DT	Case=Acc|Gender=Neut|Number=Sing	_	_	_	@omo1947f-words#@omo1947f#297.848#298.206
802	репетиция	репетиция	NOUN	NN	Animacy=Inan|Case=Acc|Gender=Neut|Number=Plur	_	_	_	@omo1947f-words#@omo1947f#298.206#298.564
803	для	для	ADP	IN	_	_	_	_	@omo1947f-words#@omo1947f#298.564#298.922
804	этого	это	PRON	DT	Animacy=Inan|Case=Gen|Gender=Neut|Number=Sing	_	_	_	@omo1947f-words#@omo1947f#298.922#299.3
805	чтобы	чтобы	SCONJ	IN	_	_	_	_	@omo1947f-words#@omo1947f#300.37#300.84
806	потом	потом	ADV	RB	Degree=Pos	_	_	_	@omo1947f-words#@omo1947f#300.84#301.31
807	/	/	SYM	SYM	_	_	_	_	@omo1947f-words#@omo1947f#301.31#301.78
808	выйти	выйти	VERB	VB	Aspect=Perf|VerbForm=Inf|Voice=Act	_	_	_	@omo1947f-words#@omo1947f#301.78#302.25
809	на	на	ADP	IN	_	_	_	_	@omo1947f-words#@omo1947f#302.25#302.72
810	какую-то	какую-то	DET	DT	Animacy=Inan|Case=Acc|Gender=Masc|Number=Sing	_	_	_	@omo1947f-words#@omo1947f#302.72#303.19
811	тропинку	тропинка	NOUN	NN	Animacy=Inan|Case=Acc|Gender=Fem|Number=Sing	_	_	_	@omo1947f-words#@omo1947f#303.19#303.66
812	/	/	SYM	SYM	_	_	_	_	@omo1947f-words#@omo1947f#303.66#304.13
813	где	где	ADV	WRB	_	_	_	_	@omo1947f-words#@omo1947f#304.13#304.6
814	ты	ты	PRON	PRP	Case=Nom|Number=Sing|Person=2	_	_	_	@omo1947f-words#@omo1947f#304.6#305.07
815	/	/	SYM	SYM	_	_	_	_	@omo1947f-words#@omo1947f#305.07#305.54
816	ну	но	NOUN	NN	Animacy=Inan|Case=Acc|Gender=Fem|Number=Sing	_	_	_	@omo1947f-words#@omo1947f#305.54#306.01
817	во-первых	во-первых	ADP	AFX	_	_	_	_	@omo1947f-words#@omo1947f#306.01#306.48
818	выражаешь	выражаешь	NOUN	NN	Animacy=Inan|Case=Acc|Gender=Fem|Number=Sing	_	_	_	@omo1947f-words#@omo1947f#306.48#306.95
819	персонажа	персонаж	NOUN	NN	Animacy=Inan|Case=Gen|Gender=Masc|Number=Sing	_	_	_	@omo1947f-words#@omo1947f#306.95#307.42
820	своего	свой	DET	PRP$	Case=Gen|Gender=Masc|Number=Sing	_	_	_	@omo1947f-words#@omo1947f#307.42#307.89
821	полностью	полностью	ADV	RB	Degree=Pos	_	_	_	@omo1947f-words#@omo1947f#307.89#308.36
822	/	/	SYM	SYM	_	_	_	_	@omo1947f-words#@omo1947f#308.36#308.83
823	во-вторых	во-вторых	ADP	AFX	_	_	_	_	@omo1947f-words#@omo1947f#308.83#309.3
824	ты	ты	PRON	PRP	Case=Nom|Number=Sing|Person=2	_	_	_	@omo1947f-words#@omo1947f#309.3#309.77
825	/	/	SYM	SYM	_	_	_	_	@omo1947f-words#@omo1947f#309.77#310.24
826	как	как	ADP	IN	_	_	_	_	@omo1947f-words#@omo1947f#310.24#310.71
827	бы	бы	AUX	RP	_	_	_	_	@omo1947f-words#@omo1947f#310.71#311.18
828	/	/	SYM	SYM	_	_	_	_	@omo1947f-words#@omo1947f#311.18#311.65
829	выражаешь	выражаешь	VERB	VB	Aspect=Perf|VerbForm=Inf|Voice=Act	_	_	_	@omo1947f-words#@omo1947f#311.65#312.12
830	автора	автор	NOUN	NN	Animacy=Anim|Case=Acc|Gender=Masc|Number=Sing	_	_	_	@omo1947f-words#@omo1947f#312.12#312.59
831	/	/	SYM	SYM	_	_	_	_	@omo1947f-words#@omo1947f#312.59#313.06
832	и	и	CCONJ	CC	_	_	_	_	@omo1947f-words#@omo1947f#313.06#313.53
833	себя	себя	PRON	PRP	Case=Acc|Reflex=Yes	_	_	_	@omo1947f-words#@omo1947f#313.53#314.0
834	э	э	NOUN	NN	Animacy=Inan|Case=Gen|Gender=Fem|Number=Sing	_	_	_	@omo1947f-words#@omo1947f#325.67#325.99
835	он	он	PRON	PRP	Case=Nom|Gender=Masc|Number=Sing|Person=3	_	_	_	@omo1947f-words#@omo1947f#325.99#326.31
836	к...	к...	PUNCT	.	_	_	_	_	@omo1947f-words#@omo1947f#326.31#326.63
837	ну	на	PROPN	NNP	Animacy=Anim|Case=Acc|Gender=Fem|Number=Sing	_	_	_	@omo1947f-words#@omo1947f#326.63#326.95
838	нет	нет	VERB	VBC	Aspect=Imp|Mood=Ind|Number=Sing|Person=3|Tense=Pres|VerbForm=Fin|Voice=Act	_	_	_	@omo1947f-words#@omo1947f#326.95#327.27
839	конечно	конечно	ADV	RB	Degree=Pos	_	_	_	@omo1947f-words#@omo1947f#327.27#327.59
840	он	он	PRON	PRP	Case=Nom|Gender=Masc|Number=Sing|Person=3	_	_	_	@omo1947f-words#@omo1947f#327.59#327.91
841	э	э	NOUN	NN	Animacy=Inan|Case=Gen|Gender=Fem|Number=Sing	_	_	_	@omo1947f-words#@omo1947f#327.91#328.23
842	как	как	ADP	IN	_	_	_	_	@omo1947f-words#@omo1947f#329.4#329.733
843	вам	вы	PRON	PRP	Case=Dat|Number=Plur|Person=2	_	_	_	@omo1947f-words#@omo1947f#329.733#330.066
844	сказать	сказать	VERB	VB	Aspect=Imp|VerbForm=Inf|Voice=Act	_	_	_	@omo1947f-words#@omo1947f#330.066#330.4
845	у	у	ADP	IN	_	_	_	_	@omo1947f-words#@omo1947f#331.5#331.854
846	него	он	PRON	PRP	Case=Gen|Gender=Masc|Number=Sing|Person=3	_	_	_	@omo1947f-words#@omo1947f#331.854#332.208
847	доста...	доста…	PUNCT	.	_	_	_	_	@omo1947f-words#@omo1947f#332.208#332.562
848	у	у	ADP	IN	_	_	_	_	@omo1947f-words#@omo1947f#332.562#332.916
849	него	он	PRON	PRP	Case=Gen|Gender=Masc|Number=Sing|Person=3	_	_	_	@omo1947f-words#@omo1947f#332.916#333.27
850	очень	очень	ADV	RB	Degree=Pos	_	_	_	@omo1947f-words#@omo1947f#333.27#333.624
851	ээ	ээ	PROPN	NNP	Animacy=Inan|Case=Nom|Gender=Neut|Number=Sing	_	_	_	@omo1947f-words#@omo1947f#333.624#333.978
852	какое-то	какое-то	ADV	RB	Degree=Pos	_	_	_	@omo1947f-words#@omo1947f#333.978#334.332
853	ясное	ясный	ADJ	JJL	Case=Acc|Degree=Pos|Gender=Neut|Number=Sing	_	_	_	@omo1947f-words#@omo1947f#334.332#334.686
854	своё	свой	DET	PRP$	Case=Acc|Gender=Neut|Number=Sing	_	_	_	@omo1947f-words#@omo1947f#334.686#335.04
855	видение	видение	NOUN	NN	Animacy=Inan|Case=Acc|Gender=Neut|Number=Sing	_	_	_	@omo1947f-words#@omo1947f#335.04#335.394
856	этой	этот	DET	DT	Case=Gen|Gender=Fem|Number=Sing	_	_	_	@omo1947f-words#@omo1947f#335.394#335.748
857	этой	этот	DET	DT	Case=Gen|Gender=Fem|Number=Sing	_	_	_	@omo1947f-words#@omo1947f#335.748#336.102
858	/	/	SYM	SYM	_	_	_	_	@omo1947f-words#@omo1947f#336.102#336.456
859	постановки	постановка	NOUN	NN	Animacy=Inan|Case=Gen|Gender=Fem|Number=Sing	_	_	_	@omo1947f-words#@omo1947f#336.456#336.81
860	/	/	SYM	SYM	_	_	_	_	@omo1947f-words#@omo1947f#336.81#337.164
861	очень	очень	ADV	RB	Degree=Pos	_	_	_	@omo1947f-words#@omo1947f#337.164#337.518
862	ясное	ясный	ADJ	JJL	Case=Nom|Degree=Pos|Gender=Neut|Number=Sing	_	_	_	@omo1947f-words#@omo1947f#337.518#337.872
863	/	/	SYM	SYM	_	_	_	_	@omo1947f-words#@omo1947f#337.872#338.226
864	и	и	CCONJ	CC	_	_	_	_	@omo1947f-words#@omo1947f#338.226#338.58
865	оно	оно	PRON	PRP	Case=Nom|Gender=Neut|Number=Sing|Person=3	_	_	_	@omo1947f-words#@omo1947f#338.58#338.934
866	иногда	иногда	ADV	RB	Degree=Pos	_	_	_	@omo1947f-words#@omo1947f#338.934#339.288
867	не	не	PART	NEG	Polarity=Neg	_	_	_	@omo1947f-words#@omo1947f#339.288#339.642
868	совпадает	совпадать	VERB	VBC	Aspect=Imp|Mood=Ind|Number=Sing|Person=3|Tense=Pres|VerbForm=Fin|Voice=Act	_	_	_	@omo1947f-words#@omo1947f#339.642#339.996
869	с	с	ADP	IN	_	_	_	_	@omo1947f-words#@omo1947f#339.996#340.35
870	моим	моить	ADJ	JJL	Case=Dat|Degree=Pos|Number=Plur	_	_	_	@omo1947f-words#@omo1947f#340.35#340.704
871	там	там	NOUN	NN	Animacy=Inan|Case=Dat|Gender=Fem|Number=Plur	_	_	_	@omo1947f-words#@omo1947f#340.704#341.058
872	или	или	CCONJ	CC	_	_	_	_	@omo1947f-words#@omo1947f#341.058#341.412
873	с	с	ADP	IN	_	_	_	_	@omo1947f-words#@omo1947f#341.412#341.766
874	с	с	ADP	IN	_	_	_	_	@omo1947f-words#@omo1947f#341.766#342.12
875	нашим	наш	DET	PRP$	Case=Ins|Gender=Masc|Number=Sing	_	_	_	@omo1947f-words#@omo1947f#342.12#342.49
876	но	но	CCONJ	CC	_	_	_	_	@omo1947f-words#@omo1947f#344.75#345.086
877	если	если	SCONJ	IN	_	_	_	_	@omo1947f-words#@omo1947f#345.086#345.422
878	не	не	PART	NEG	Polarity=Neg	_	_	_	@omo1947f-words#@omo1947f#345.422#345.758
879	совпадает	совпадать	VERB	VBC	Aspect=Imp|Mood=Ind|Number=Sing|Person=3|Tense=Pres|VerbForm=Fin|Voice=Act	_	_	_	@omo1947f-words#@omo1947f#345.758#346.094
880	с	с	ADP	IN	_	_	_	_	@omo1947f-words#@omo1947f#346.094#346.43
881	моим	моить	DET	PRP$	Case=Ins|Gender=Masc|Number=Sing	_	_	_	@omo1947f-words#@omo1947f#346.43#346.766
882	я	я	PRON	PRP	Case=Nom|Number=Sing|Person=1	_	_	_	@omo1947f-words#@omo1947f#346.766#347.102
883	пытаюсь	пытаюсь	PROPN	NNP	Animacy=Anim|Case=Nom|Gender=Masc|Number=Sing	_	_	_	@omo1947f-words#@omo1947f#347.102#347.438
884	разобраться	разобраться	VERB	VB	Aspect=Imp|VerbForm=Inf|Voice=Mid	_	_	_	@omo1947f-words#@omo1947f#347.438#347.774
885	почему	почто	PRON	WP	Animacy=Inan|Case=Dat|Gender=Neut|Number=Sing	_	_	_	@omo1947f-words#@omo1947f#347.774#348.11
886	не	не	PART	NEG	Polarity=Neg	_	_	_	@omo1947f-words#@omo1947f#348.11#348.446
887	совпадает	совпадать	VERB	VBC	Aspect=Imp|Mood=Ind|Number=Sing|Person=3|Tense=Pres|VerbForm=Fin|Voice=Act	_	_	_	@omo1947f-words#@omo1947f#348.446#348.782
888	/	/	SYM	SYM	_	_	_	_	@omo1947f-words#@omo1947f#348.782#349.118
889	и	и	CCONJ	CC	_	_	_	_	@omo1947f-words#@omo1947f#349.118#349.454
890	часто	часто	ADV	RB	Degree=Pos	_	_	_	@omo1947f-words#@omo1947f#349.454#349.79
891	бываю	бывать	VERB	VBC	Aspect=Imp|Mood=Ind|Number=Sing|Person=1|Tense=Pres|VerbForm=Fin|Voice=Act	_	_	_	@omo1947f-words#@omo1947f#349.79#350.126
892	я	я	PRON	PRP	Case=Nom|Number=Sing|Person=1	_	_	_	@omo1947f-words#@omo1947f#350.126#350.462
893	не	не	PART	NEG	Polarity=Neg	_	_	_	@omo1947f-words#@omo1947f#350.462#350.798
894	права	права	NOUN	NN	Animacy=Inan|Case=Nom|Gender=Neut|Number=Plur	_	_	_	@omo1947f-words#@omo1947f#350.798#351.134
895	/	/	SYM	SYM	_	_	_	_	@omo1947f-words#@omo1947f#351.134#351.47
896	понимаете	понимать	VERB	VBC	Aspect=Imp|Mood=Ind|Number=Plur|Person=2|Tense=Pres|VerbForm=Fin|Voice=Act	_	_	_	@omo1947f-words#@omo1947f#351.47#351.806
897	потому	потому	SCONJ	IN	_	_	_	_	@omo1947f-words#@omo1947f#351.806#352.142
898	что	что	SCONJ	IN	_	_	_	_	@omo1947f-words#@omo1947f#352.142#352.478
899	/	/	SYM	SYM	_	_	_	_	@omo1947f-words#@omo1947f#352.478#352.814
900	режисёр	режисер	NOUN	NN	Animacy=Anim|Case=Nom|Gender=Masc|Number=Sing	_	_	_	@omo1947f-words#@omo1947f#352.814#353.15
901	вообще	вообще	ADV	RB	Degree=Pos	_	_	_	@omo1947f-words#@omo1947f#353.15#353.486
902	это	это	PRON	DT	Animacy=Inan|Case=Nom|Gender=Neut|Number=Sing	_	_	_	@omo1947f-words#@omo1947f#353.486#353.822
903	всё	весь	DET	DT	Case=Nom|Gender=Neut|Number=Sing	_	_	_	@omo1947f-words#@omo1947f#353.822#354.158
904	это	это	PRON	DT	Animacy=Inan|Case=Nom|Gender=Neut|Number=Sing	_	_	_	@omo1947f-words#@omo1947f#354.158#354.494
905	всё	всё	PRON	DT	Animacy=Inan|Case=Nom|Gender=Neut|Number=Sing	_	_	_	@omo1947f-words#@omo1947f#354.494#354.83
906	и	и	CCONJ	CC	_	_	_	_	@omo1947f-words#@omo1947f#354.83#355.166
907	в	в	ADP	IN	_	_	_	_	@omo1947f-words#@omo1947f#355.166#355.502
908	театре	театр	NOUN	NN	Animacy=Inan|Case=Loc|Gender=Masc|Number=Sing	_	_	_	@omo1947f-words#@omo1947f#355.502#355.838
909	и	и	CCONJ	CC	_	_	_	_	@omo1947f-words#@omo1947f#355.838#356.174
910	в	в	ADP	IN	_	_	_	_	@omo1947f-words#@omo1947f#356.174#356.51
911	кино	кин	NOUN	NN	Animacy=Inan|Case=Acc|Gender=Neut|Number=Sing	_	_	_	@omo1947f-words#@omo1947f#356.51#356.846
912	это	это	PRON	DT	Animacy=Inan|Case=Nom|Gender=Neut|Number=Sing	_	_	_	@omo1947f-words#@omo1947f#356.846#357.182
913	всё	всё	ADV	RB	Degree=Pos	_	_	_	@omo1947f-words#@omo1947f#357.182#357.518
914	/	/	SYM	SYM	_	_	_	_	@omo1947f-words#@omo1947f#357.518#357.854
915	он	он	PRON	PRP	Case=Nom|Gender=Masc|Number=Sing|Person=3	_	_	_	@omo1947f-words#@omo1947f#357.854#358.19
916	один	один	DET	DT	Animacy=Anim|Case=Nom|Gender=Masc|Number=Sing|NumType=Card	_	_	_	@omo1947f-words#@omo1947f#358.19#358.526
917	знает	знать	VERB	VBC	Aspect=Imp|Mood=Ind|Number=Sing|Person=3|Tense=Pres|VerbForm=Fin|Voice=Act	_	_	_	@omo1947f-words#@omo1947f#358.526#358.862
918	как	как	ADP	IN	_	_	_	_	@omo1947f-words#@omo1947f#358.862#359.198
919	/	/	SYM	SYM	_	_	_	_	@omo1947f-words#@omo1947f#359.198#359.534
920	что	что	SCONJ	IN	_	_	_	_	@omo1947f-words#@omo1947f#359.534#359.87
921	надо	надо	VERB	PRED	Degree=Pos	_	_	_	@omo1947f-words#@omo1947f#359.87#360.206
922	сказать	сказать	VERB	VB	Aspect=Perf|VerbForm=Inf|Voice=Act	_	_	_	@omo1947f-words#@omo1947f#360.206#360.542
923	актёру	актер	NOUN	NN	Animacy=Inan|Case=Acc|Gender=Fem|Number=Sing	_	_	_	@omo1947f-words#@omo1947f#360.542#360.878
924	/	/	SYM	SYM	_	_	_	_	@omo1947f-words#@omo1947f#360.878#361.214
925	и	и	CCONJ	CC	_	_	_	_	@omo1947f-words#@omo1947f#361.214#361.55
926	как	как	ADV	WRB	_	_	_	_	@omo1947f-words#@omo1947f#361.55#361.886
927	потом	потом	ADV	RB	Degree=Pos	_	_	_	@omo1947f-words#@omo1947f#361.886#362.222
928	это	это	PRON	DT	Animacy=Inan|Case=Acc|Gender=Neut|Number=Sing	_	_	_	@omo1947f-words#@omo1947f#362.222#362.558
929	всё	всё	PRON	DT	Animacy=Inan|Case=Acc|Gender=Neut|Number=Sing	_	_	_	@omo1947f-words#@omo1947f#362.558#362.894
930	/	/	SYM	SYM	_	_	_	_	@omo1947f-words#@omo1947f#362.894#363.23
931	слепить	слепить	VERB	VB	Aspect=Perf|VerbForm=Inf|Voice=Act	_	_	_	@omo1947f-words#@omo1947f#363.23#363.6

