1	прозвучала	звучать	VERB	_	Aspect=Perf|Gender=Fem|Mood=Ind|Number=Sing|Tense=Past|VerbForm=Fin|Voice=Act	_	_	_	@ab1991f-words#@ab1991f#23.67#24.088
2	такая	такой	DET	_	Case=Nom|Gender=Fem|Number=Sing	_	_	_	@ab1991f-words#@ab1991f#24.088#24.506
3	мысль	мысль	NOUN	_	Animacy=Inan|Case=Nom|Gender=Fem|Number=Sing	_	_	_	@ab1991f-words#@ab1991f#24.506#24.924
4	в	в	ADP	_	_	_	_	_	@ab1991f-words#@ab1991f#24.924#25.342
5	спектакле	спектакль	NOUN	_	Animacy=Inan|Case=Loc|Gender=Masc|Number=Sing	_	_	_	@ab1991f-words#@ab1991f#25.342#25.76
6	/	/	PUNCT	_	_	_	_	_	@ab1991f-words#@ab1991f#25.76#26.178
7	Добрый	добрый	ADJ	_	Case=Nom|Degree=Pos|Gender=Masc|Number=Sing	_	_	_	@ab1991f-words#@ab1991f#26.178#26.596
8	мальчик	мальчик	NOUN	_	Animacy=Anim|Case=Nom|Gender=Masc|Number=Sing	_	_	_	@ab1991f-words#@ab1991f#26.596#27.014
9	урод	урод	NOUN	_	Animacy=Anim|Case=Nom|Gender=Masc|Number=Sing	_	_	_	@ab1991f-words#@ab1991f#27.014#27.44
10	быть	быть	AUX	_	Aspect=Imp|VerbForm=Inf|Voice=Act	_	_	_	@ab1991f-words#@ab1991f#28.3#28.582
11	знаменитым	знаменитый	ADJ	_	Case=Ins|Degree=Pos|Gender=Masc|Number=Sing	_	_	_	@ab1991f-words#@ab1991f#28.582#28.864
12	/	/	PUNCT	_	_	_	_	_	@ab1991f-words#@ab1991f#28.864#29.146
13	значит	значит	VERB	_	Aspect=Imp|Mood=Ind|Number=Sing|Person=3|Tense=Pres|VerbForm=Fin|Voice=Act	_	_	_	@ab1991f-words#@ab1991f#29.146#29.428
14	быть	быть	AUX	_	Aspect=Imp|VerbForm=Inf|Voice=Act	_	_	_	@ab1991f-words#@ab1991f#29.428#29.71
15	счастливым	счастливый	ADJ	_	Case=Ins|Degree=Pos|Gender=Masc|Number=Sing	_	_	_	@ab1991f-words#@ab1991f#29.71#29.992
16	/	/	PUNCT	_	_	_	_	_	@ab1991f-words#@ab1991f#29.992#30.274
17	вы	вы	PRON	_	Case=Nom|Number=Plur|Person=2	_	_	_	@ab1991f-words#@ab1991f#30.274#30.556
18	можете	мочь	VERB	_	Aspect=Imp|Mood=Ind|Number=Plur|Person=2|Tense=Pres|VerbForm=Fin|Voice=Act	_	_	_	@ab1991f-words#@ab1991f#30.556#30.838
19	согласиться	согласиться	VERB	_	Aspect=Perf|VerbForm=Inf|Voice=Mid	_	_	_	@ab1991f-words#@ab1991f#30.838#31.12
20	с	с	ADP	_	_	_	_	_	@ab1991f-words#@ab1991f#31.12#31.402
21	этим	этот	DET	_	Case=Ins|Gender=Neut|Number=Sing	_	_	_	@ab1991f-words#@ab1991f#31.402#31.684
22	утверждением	утверждение	NOUN	_	Animacy=Inan|Case=Ins|Gender=Neut|Number=Sing	_	_	_	@ab1991f-words#@ab1991f#31.684#31.966
23	?	?	PUNCT	_	_	_	_	_	@ab1991f-words#@ab1991f#31.966#32.25
24	а	а	CCONJ	_	_	_	_	_	@ab1991f-words#@ab1991f#33.05#33.26
25	как	как	ADV	_	Degree=Pos	_	_	_	@ab1991f-words#@ab1991f#33.26#33.47
26	?	?	PUNCT	_	_	_	_	_	@ab1991f-words#@ab1991f#33.47#33.68
27	а	а	CCONJ	_	_	_	_	_	@ab1991f-words#@ab1991f#47.92#48.226
28	вот	вот	PART	_	_	_	_	_	@ab1991f-words#@ab1991f#48.226#48.532
29	ваша	ваш	DET	_	Case=Nom|Gender=Fem|Number=Sing	_	_	_	@ab1991f-words#@ab1991f#48.532#48.838
30	фраза	фраза	NOUN	_	Animacy=Inan|Case=Nom|Gender=Fem|Number=Sing	_	_	_	@ab1991f-words#@ab1991f#48.838#49.144
31	/	/	PUNCT	_	_	_	_	_	@ab1991f-words#@ab1991f#49.144#49.45
32	актёр	актёр	NOUN	_	Animacy=Inan|Case=Nom|Gender=Masc|Number=Sing	_	_	_	@ab1991f-words#@ab1991f#49.45#49.756
33	на	на	ADP	_	_	_	_	_	@ab1991f-words#@ab1991f#49.756#50.062
34	сцене	сцена	NOUN	_	Animacy=Inan|Case=Loc|Gender=Fem|Number=Sing	_	_	_	@ab1991f-words#@ab1991f#50.062#50.368
35	это	это	PRON	_	Animacy=Inan|Case=Nom|Gender=Neut|Number=Sing	_	_	_	@ab1991f-words#@ab1991f#50.368#50.674
36	либо	либо	CCONJ	_	_	_	_	_	@ab1991f-words#@ab1991f#50.674#50.98
37	исповедь	исповедь	NOUN	_	Animacy=Inan|Case=Nom|Gender=Fem|Number=Sing	_	_	_	@ab1991f-words#@ab1991f#50.98#51.286
38	/	/	PUNCT	_	_	_	_	_	@ab1991f-words#@ab1991f#51.286#51.592
39	либо	либо	CCONJ	_	_	_	_	_	@ab1991f-words#@ab1991f#51.592#51.898
40	/	/	PUNCT	_	_	_	_	_	@ab1991f-words#@ab1991f#51.898#52.204
41	проповедь	проповедь	NOUN	_	Animacy=Inan|Case=Nom|Gender=Fem|Number=Sing	_	_	_	@ab1991f-words#@ab1991f#52.204#52.52
42	почему	почему	ADV	_	Degree=Pos	_	_	_	@ab1991f-words#@ab1991f#52.78#53.08
43	?	?	PUNCT	_	_	_	_	_	@ab1991f-words#@ab1991f#53.08#53.38
44	ну	ну	PART	_	_	_	_	_	@ab1991f-words#@ab1991f#59.21#59.449
45	вот	вот	PART	_	_	_	_	_	@ab1991f-words#@ab1991f#59.449#59.688
46	а	а	INTJ	_	_	_	_	_	@ab1991f-words#@ab1991f#59.688#59.927
47	что	что	PRON	_	Case=Acc	_	_	_	@ab1991f-words#@ab1991f#59.927#60.166
48	сделать	делать	VERB	_	Aspect=Perf|VerbForm=Inf|Voice=Act	_	_	_	@ab1991f-words#@ab1991f#60.166#60.405
49	с	с	ADP	_	_	_	_	_	@ab1991f-words#@ab1991f#60.405#60.644
50	/	/	PUNCT	_	_	_	_	_	@ab1991f-words#@ab1991f#60.644#60.883
51	развлекательным	развлекательный	ADJ	_	Case=Ins|Degree=Pos|Gender=Masc|Number=Sing	_	_	_	@ab1991f-words#@ab1991f#60.883#61.122
52	театром	театр	NOUN	_	Animacy=Inan|Case=Ins|Gender=Masc|Number=Sing	_	_	_	@ab1991f-words#@ab1991f#61.122#61.361
53	?	?	PUNCT	_	_	_	_	_	@ab1991f-words#@ab1991f#61.361#61.6
54	/	/	PUNCT	_	_	_	_	_	@ab1991f-words#@ab1991f#61.6#61.839
55	вы	вы	PRON	_	Case=Nom|Number=Plur|Person=2	_	_	_	@ab1991f-words#@ab1991f#61.839#62.078
56	его	он	PRON	_	Case=Acc|Gender=Masc|Number=Sing|Person=3	_	_	_	@ab1991f-words#@ab1991f#62.078#62.317
57	приемлете	приемлить	VERB	_	Aspect=Imp|Mood=Ind|Number=Plur|Person=2|Tense=Pres|VerbForm=Fin|Voice=Act	_	_	_	@ab1991f-words#@ab1991f#62.317#62.556
58	?	?	PUNCT	_	_	_	_	_	@ab1991f-words#@ab1991f#62.556#62.8
59	театры	театр	NOUN	_	Animacy=Inan|Case=Nom|Gender=Masc|Number=Plur	_	_	_	@ab1991f-words#@ab1991f#95.04#95.323
60	малых	малый	ADJ	_	Case=Gen|Degree=Pos|Number=Plur	_	_	_	@ab1991f-words#@ab1991f#95.323#95.606
61	городов	город	NOUN	_	Animacy=Inan|Case=Gen|Gender=Masc|Number=Plur	_	_	_	@ab1991f-words#@ab1991f#95.606#95.889
62	/	/	PUNCT	_	_	_	_	_	@ab1991f-words#@ab1991f#95.889#96.172
63	в	в	ADP	_	_	_	_	_	@ab1991f-words#@ab1991f#96.172#96.455
64	целом	целое	NOUN	_	Animacy=Inan|Case=Loc|Gender=Neut|Number=Sing	_	_	_	@ab1991f-words#@ab1991f#96.455#96.738
65	/	/	PUNCT	_	_	_	_	_	@ab1991f-words#@ab1991f#96.738#97.021
66	какое	какой	DET	_	Case=Acc|Gender=Neut|Number=Sing	_	_	_	@ab1991f-words#@ab1991f#97.021#97.304
67	впечатление	впечатление	NOUN	_	Animacy=Inan|Case=Acc|Gender=Neut|Number=Sing	_	_	_	@ab1991f-words#@ab1991f#97.304#97.587
68	на	на	ADP	_	_	_	_	_	@ab1991f-words#@ab1991f#97.587#97.87
69	вас	вы	PRON	_	Case=Acc|Number=Plur|Person=2	_	_	_	@ab1991f-words#@ab1991f#97.87#98.153
70	произвели	произвести	VERB	_	Aspect=Perf|Mood=Ind|Number=Plur|Tense=Past|VerbForm=Fin|Voice=Act	_	_	_	@ab1991f-words#@ab1991f#98.153#98.436
71	?	?	PUNCT	_	_	_	_	_	@ab1991f-words#@ab1991f#98.436#98.72
72	а	а	CCONJ	_	_	_	_	_	@ab1991f-words#@ab1991f#110.13#110.446
73	вот	вот	PART	_	_	_	_	_	@ab1991f-words#@ab1991f#110.446#110.762
74	/	/	PUNCT	_	_	_	_	_	@ab1991f-words#@ab1991f#110.762#111.078
75	режиссёр	режиссёр	NOUN	_	Animacy=Anim|Case=Nom|Gender=Masc|Number=Sing	_	_	_	@ab1991f-words#@ab1991f#111.078#111.394
76	Яновская	Яновская	PROPN	_	_	_	_	_	@ab1991f-words#@ab1991f#111.394#111.71
77	которая	который	PRON	_	Case=Nom	_	_	_	@ab1991f-words#@ab1991f#111.71#112.026
78	ставила	ставить	VERB	_	Aspect=Imp|Gender=Fem|Mood=Ind|Number=Sing|Tense=Past|VerbForm=Fin|Voice=Act	_	_	_	@ab1991f-words#@ab1991f#112.026#112.342
79	на	на	ADP	_	_	_	_	_	@ab1991f-words#@ab1991f#112.342#112.658
80	вас	вы	PRON	_	Case=Gen|Number=Plur|Person=2	_	_	_	@ab1991f-words#@ab1991f#112.658#112.974
81	Вдовий	вдовий	ADJ	_	Case=Nom|Degree=Pos|Gender=Masc|Number=Sing	_	_	_	@ab1991f-words#@ab1991f#112.974#113.29
82	пароход	пароход	NOUN	_	Animacy=Inan|Case=Nom|Gender=Masc|Number=Sing	_	_	_	@ab1991f-words#@ab1991f#113.29#113.606
83	/	/	PUNCT	_	_	_	_	_	@ab1991f-words#@ab1991f#113.606#113.922
84	в	в	ADP	_	_	_	_	_	@ab1991f-words#@ab1991f#113.922#114.238
85	одном	один	NUM	_	Case=Loc|Gender=Neut	_	_	_	@ab1991f-words#@ab1991f#114.238#114.554
86	из	из	ADP	_	_	_	_	_	@ab1991f-words#@ab1991f#114.554#114.87
87	интервью	интервью	NOUN	_	Animacy=Inan|Case=Gen|Gender=Neut|Number=Plur	_	_	_	@ab1991f-words#@ab1991f#114.87#115.186
88	сказала	сказать	VERB	_	Aspect=Perf|Gender=Fem|Mood=Ind|Number=Sing|Tense=Past|VerbForm=Fin|Voice=Act	_	_	_	@ab1991f-words#@ab1991f#115.186#115.502
89	что	что	PRON	_	Case=Nom	_	_	_	@ab1991f-words#@ab1991f#115.502#115.818
90	/	/	PUNCT	_	_	_	_	_	@ab1991f-words#@ab1991f#115.818#116.134
91	удивляется	удивляться	VERB	_	Aspect=Imp|Mood=Ind|Number=Sing|Person=3|Tense=Pres|VerbForm=Fin|Voice=Mid	_	_	_	@ab1991f-words#@ab1991f#116.134#116.45
92	как	как	ADV	_	Degree=Pos	_	_	_	@ab1991f-words#@ab1991f#116.45#116.766
93	/	/	PUNCT	_	_	_	_	_	@ab1991f-words#@ab1991f#116.766#117.082
94	в	в	ADP	_	_	_	_	_	@ab1991f-words#@ab1991f#117.082#117.398
95	советском	советский	ADJ	_	Case=Loc|Degree=Pos|Gender=Masc|Number=Sing	_	_	_	@ab1991f-words#@ab1991f#117.398#117.714
96	союзе	союз	NOUN	_	Animacy=Inan|Case=Loc|Gender=Masc|Number=Sing	_	_	_	@ab1991f-words#@ab1991f#117.714#118.03
97	да	да	CCONJ	_	_	_	_	_	@ab1991f-words#@ab1991f#118.03#118.346
98	ещё	еще	ADV	_	Degree=Pos	_	_	_	@ab1991f-words#@ab1991f#118.346#118.662
99	и	и	PART	_	_	_	_	_	@ab1991f-words#@ab1991f#118.662#118.978
100	в	в	ADP	_	_	_	_	_	@ab1991f-words#@ab1991f#118.978#119.294
101	актёрской	актёрский	ADJ	_	Case=Loc|Degree=Pos|Gender=Fem|Number=Sing	_	_	_	@ab1991f-words#@ab1991f#119.294#119.61
102	среде	среда	NOUN	_	Animacy=Inan|Case=Loc|Gender=Fem|Number=Sing	_	_	_	@ab1991f-words#@ab1991f#119.61#119.926
103	св...	св…	X	_	_	_	_	_	@ab1991f-words#@ab1991f#119.926#120.242
104	смог	мочь	VERB	_	Aspect=Perf|Gender=Masc|Mood=Ind|Number=Sing|Tense=Past|VerbForm=Fin|Voice=Act	_	_	_	@ab1991f-words#@ab1991f#120.242#120.558
105	сформироваться	сформироваться	VERB	_	Aspect=Perf|VerbForm=Inf|Voice=Mid	_	_	_	@ab1991f-words#@ab1991f#120.558#120.874
106	/	/	PUNCT	_	_	_	_	_	@ab1991f-words#@ab1991f#120.874#121.19
107	вот	вот	PART	_	_	_	_	_	@ab1991f-words#@ab1991f#121.19#121.506
108	такой	такой	DET	_	Case=Nom|Gender=Masc|Number=Sing	_	_	_	@ab1991f-words#@ab1991f#121.506#121.822
109	принципиальный	принципиальный	ADJ	_	Case=Nom|Degree=Pos|Gender=Masc|Number=Sing	_	_	_	@ab1991f-words#@ab1991f#121.822#122.138
110	/	/	PUNCT	_	_	_	_	_	@ab1991f-words#@ab1991f#122.138#122.454
111	бескомпромиссный	бескомпромиссный	ADJ	_	Case=Nom|Degree=Pos|Gender=Masc|Number=Sing	_	_	_	@ab1991f-words#@ab1991f#122.454#122.77
112	человек	человек	NOUN	_	Animacy=Anim|Case=Nom|Gender=Masc|Number=Sing	_	_	_	@ab1991f-words#@ab1991f#122.77#123.086
113	как	как	ADV	_	Degree=Pos	_	_	_	@ab1991f-words#@ab1991f#123.086#123.402
114	вы	вы	PRON	_	Case=Nom|Number=Plur|Person=2	_	_	_	@ab1991f-words#@ab1991f#123.402#123.718
115	а	а	CCONJ	_	_	_	_	_	@ab1991f-words#@ab1991f#123.718#124.034
116	в	в	ADP	_	_	_	_	_	@ab1991f-words#@ab1991f#124.034#124.35
117	чём	что	PRON	_	Case=Loc	_	_	_	@ab1991f-words#@ab1991f#124.35#124.666
118	проявляется	проявляться	VERB	_	Aspect=Imp|Mood=Ind|Number=Sing|Person=3|Tense=Pres|VerbForm=Fin|Voice=Mid	_	_	_	@ab1991f-words#@ab1991f#124.666#124.982
119	ваша	ваш	DET	_	Case=Nom|Gender=Fem|Number=Sing	_	_	_	@ab1991f-words#@ab1991f#124.982#125.298
120	бескомпромиссность	бескомпромиссность	NOUN	_	Animacy=Inan|Case=Nom|Gender=Fem|Number=Sing	_	_	_	@ab1991f-words#@ab1991f#125.298#125.614
121	?	?	PUNCT	_	_	_	_	_	@ab1991f-words#@ab1991f#125.614#125.94
122	а	а	CCONJ	_	_	_	_	_	@ab1991f-words#@ab1991f#146.5#146.75
123	вот	вот	PART	_	_	_	_	_	@ab1991f-words#@ab1991f#146.75#147.0
124	оголяться	оголять	VERB	_	Aspect=Imp|VerbForm=Inf|Voice=Mid	_	_	_	@ab1991f-words#@ab1991f#147.0#147.25
125	на	на	ADP	_	_	_	_	_	@ab1991f-words#@ab1991f#147.25#147.5
126	сцене	сцена	NOUN	_	Animacy=Inan|Case=Loc|Gender=Fem|Number=Sing	_	_	_	@ab1991f-words#@ab1991f#147.5#147.75
127	?	?	PUNCT	_	_	_	_	_	@ab1991f-words#@ab1991f#147.75#148.0
128	а	а	CCONJ	_	_	_	_	_	@ab1991f-words#@ab1991f#167.39#167.735
129	в	в	ADP	_	_	_	_	_	@ab1991f-words#@ab1991f#167.735#168.08
130	профессии	профессия	NOUN	_	Animacy=Inan|Case=Loc|Gender=Fem|Number=Sing	_	_	_	@ab1991f-words#@ab1991f#168.08#168.425
131	/	/	PUNCT	_	_	_	_	_	@ab1991f-words#@ab1991f#168.425#168.77
132	а	а	INTJ	_	_	_	_	_	@ab1991f-words#@ab1991f#168.77#169.115
133	/	/	PUNCT	_	_	_	_	_	@ab1991f-words#@ab1991f#169.115#169.46
134	жёсткость	жёсткость	NOUN	_	Animacy=Inan|Case=Nom|Gender=Fem|Number=Sing	_	_	_	@ab1991f-words#@ab1991f#169.46#169.805
135	определённая	определённый	ADJ	_	Case=Nom|Degree=Pos|Gender=Fem|Number=Sing	_	_	_	@ab1991f-words#@ab1991f#169.805#170.15
136	характера	характер	NOUN	_	Animacy=Inan|Case=Gen|Gender=Masc|Number=Sing	_	_	_	@ab1991f-words#@ab1991f#170.15#170.495
137	/	/	PUNCT	_	_	_	_	_	@ab1991f-words#@ab1991f#170.495#170.84
138	в	в	ADP	_	_	_	_	_	@ab1991f-words#@ab1991f#170.84#171.185
139	актёрской	актёрский	ADJ	_	Case=Loc|Degree=Pos|Gender=Fem|Number=Sing	_	_	_	@ab1991f-words#@ab1991f#171.185#171.53
140	профессии	профессия	NOUN	_	Animacy=Inan|Case=Loc|Gender=Fem|Number=Sing	_	_	_	@ab1991f-words#@ab1991f#171.53#171.875
141	помогает	помогать	VERB	_	Aspect=Imp|Mood=Ind|Number=Sing|Person=3|Tense=Pres|VerbForm=Fin|Voice=Act	_	_	_	@ab1991f-words#@ab1991f#171.875#172.22
142	женщине	женщина	NOUN	_	Animacy=Anim|Case=Dat|Gender=Fem|Number=Sing	_	_	_	@ab1991f-words#@ab1991f#172.22#172.565
143	или	или	CCONJ	_	_	_	_	_	@ab1991f-words#@ab1991f#172.565#172.91
144	мешает	мешать	VERB	_	Aspect=Imp|Mood=Ind|Number=Sing|Person=3|Tense=Pres|VerbForm=Fin|Voice=Act	_	_	_	@ab1991f-words#@ab1991f#172.91#173.255
145	?	?	PUNCT	_	_	_	_	_	@ab1991f-words#@ab1991f#173.255#173.61
146	то	то	PRON	_	Animacy=Inan|Case=Nom|Gender=Neut|Number=Sing	_	_	_	@ab1991f-words#@ab1991f#210.45#210.706
147	есть	быть	VERB	_	Aspect=Imp|Mood=Ind|Number=Sing|Person=3|Tense=Pres|VerbForm=Fin|Voice=Act	_	_	_	@ab1991f-words#@ab1991f#210.706#210.962
148	вы	вы	PRON	_	Case=Nom|Number=Plur|Person=2	_	_	_	@ab1991f-words#@ab1991f#210.962#211.218
149	человек	человек	NOUN	_	Animacy=Anim|Case=Nom|Gender=Masc|Number=Sing	_	_	_	@ab1991f-words#@ab1991f#211.218#211.474
150	команды	команда	NOUN	_	Animacy=Inan|Case=Gen|Gender=Fem|Number=Sing	_	_	_	@ab1991f-words#@ab1991f#211.474#211.73
151	всё-таки	все-таки	PART	_	_	_	_	_	@ab1991f-words#@ab1991f#222.09#222.59
152	принципы	принцип	NOUN	_	Animacy=Inan|Case=Nom|Gender=Masc|Number=Plur	_	_	_	@ab1991f-words#@ab1991f#222.59#223.09
153	а	а	CCONJ	_	_	_	_	_	@ab1991f-words#@ab1991f#255.5#255.76
154	он	он	PRON	_	Case=Nom|Gender=Masc|Number=Sing|Person=3	_	_	_	@ab1991f-words#@ab1991f#255.76#256.02
155	как	как	SCONJ	_	_	_	_	_	@ab1991f-words#@ab1991f#256.02#256.28
156	режиссёр	режиссёр	NOUN	_	Animacy=Anim|Case=Nom|Gender=Masc|Number=Sing	_	_	_	@ab1991f-words#@ab1991f#256.28#256.54
157	выступает	выступать	VERB	_	Aspect=Imp|Mood=Ind|Number=Sing|Person=3|Tense=Pres|VerbForm=Fin|Voice=Act	_	_	_	@ab1991f-words#@ab1991f#256.54#256.8
158	ну	ну	PART	_	_	_	_	_	@ab1991f-words#@ab1991f#271.24#271.508
159	для	для	ADP	_	_	_	_	_	@ab1991f-words#@ab1991f#271.508#271.776
160	актёра	актер	NOUN	_	Animacy=Anim|Case=Gen|Gender=Masc|Number=Sing	_	_	_	@ab1991f-words#@ab1991f#271.776#272.044
161	ведь	ведь	PART	_	_	_	_	_	@ab1991f-words#@ab1991f#272.044#272.312
162	важно	важный	ADJ	_	Degree=Pos|Gender=Neut|Number=Sing|Variant=Short	_	_	_	@ab1991f-words#@ab1991f#272.312#272.58
163	также	также	ADV	_	Degree=Pos	_	_	_	@ab1991f-words#@ab1991f#272.58#272.848
164	и	и	CCONJ	_	_	_	_	_	@ab1991f-words#@ab1991f#272.848#273.116
165	наверное	наверное	ADV	_	Degree=Pos	_	_	_	@ab1991f-words#@ab1991f#273.116#273.384
166	/	/	PUNCT	_	_	_	_	_	@ab1991f-words#@ab1991f#273.384#273.652
167	получить	получить	VERB	_	Aspect=Perf|VerbForm=Inf|Voice=Act	_	_	_	@ab1991f-words#@ab1991f#273.652#273.92
168	удовольствие	удовольствие	NOUN	_	Animacy=Inan|Case=Acc|Gender=Neut|Number=Sing	_	_	_	@ab1991f-words#@ab1991f#273.92#274.188
169	от	от	ADP	_	_	_	_	_	@ab1991f-words#@ab1991f#274.188#274.456
170	процесса	процесс	NOUN	_	Animacy=Inan|Case=Gen|Gender=Masc|Number=Sing	_	_	_	@ab1991f-words#@ab1991f#274.456#274.724
171	но	но	CCONJ	_	_	_	_	_	@ab1991f-words#@ab1991f#274.724#274.992
172	и	и	PART	_	_	_	_	_	@ab1991f-words#@ab1991f#274.992#275.26
173	важен	важный	ADJ	_	Degree=Pos|Gender=Masc|Number=Sing|Variant=Short	_	_	_	@ab1991f-words#@ab1991f#275.26#275.528
174	результат	результат	NOUN	_	Animacy=Inan|Case=Nom|Gender=Masc|Number=Sing	_	_	_	@ab1991f-words#@ab1991f#275.528#275.796
175	наверное	наверное	ADV	_	Degree=Pos	_	_	_	@ab1991f-words#@ab1991f#275.796#276.064
176	да	да	INTJ	_	_	_	_	_	@ab1991f-words#@ab1991f#276.064#276.332
177	?	?	PUNCT	_	_	_	_	_	@ab1991f-words#@ab1991f#276.332#276.6
178	на	на	ADP	_	_	_	_	_	@ab1991f-words#@ab1991f#276.6#276.868
179	/	/	PUNCT	_	_	_	_	_	@ab1991f-words#@ab1991f#276.868#277.136
180	на	на	ADP	_	_	_	_	_	@ab1991f-words#@ab1991f#277.136#277.404
181	зрителя	зритель	NOUN	_	Animacy=Anim|Case=Acc|Gender=Masc|Number=Sing	_	_	_	@ab1991f-words#@ab1991f#277.404#277.68
182	совпадает	совпадать	VERB	_	Aspect=Imp|Mood=Ind|Number=Sing|Person=3|Tense=Pres|VerbForm=Fin|Voice=Act	_	_	_	@ab1991f-words#@ab1991f#279.28#280.1
183	аа	а	INTJ	_	_	_	_	_	@ab1991f-words#@ab1991f#315.0#315.312
184	вот	вот	PART	_	_	_	_	_	@ab1991f-words#@ab1991f#315.312#315.624
185	с	с	ADP	_	_	_	_	_	@ab1991f-words#@ab1991f#315.624#315.936
186	каким	какой	DET	_	Case=Ins|Gender=Masc|Number=Sing	_	_	_	@ab1991f-words#@ab1991f#315.936#316.248
187	режиссёром	режиссёр	NOUN	_	Animacy=Inan|Case=Ins|Gender=Masc|Number=Sing	_	_	_	@ab1991f-words#@ab1991f#316.248#316.56
188	комфортнее	комфортный	ADJ	_	Degree=Cmp	_	_	_	@ab1991f-words#@ab1991f#316.56#316.872
189	?	?	PUNCT	_	_	_	_	_	@ab1991f-words#@ab1991f#316.872#317.184
190	который	который	PRON	_	Case=Nom	_	_	_	@ab1991f-words#@ab1991f#317.184#317.496
191	/	/	PUNCT	_	_	_	_	_	@ab1991f-words#@ab1991f#317.496#317.808
192	аа	а	INTJ	_	_	_	_	_	@ab1991f-words#@ab1991f#317.808#318.12
193	/	/	PUNCT	_	_	_	_	_	@ab1991f-words#@ab1991f#318.12#318.432
194	авторитарно	авторитарно	ADV	_	Degree=Pos	_	_	_	@ab1991f-words#@ab1991f#318.432#318.744
195	диктует	диктовать	VERB	_	Aspect=Imp|Mood=Ind|Number=Sing|Person=3|Tense=Pres|VerbForm=Fin|Voice=Act	_	_	_	@ab1991f-words#@ab1991f#318.744#319.056
196	роль	роль	NOUN	_	Animacy=Inan|Case=Acc|Gender=Fem|Number=Sing	_	_	_	@ab1991f-words#@ab1991f#319.056#319.368
197	или	или	CCONJ	_	_	_	_	_	@ab1991f-words#@ab1991f#319.368#319.68
198	который	который	PRON	_	Case=Nom	_	_	_	@ab1991f-words#@ab1991f#319.68#319.992
199	позволяет	позволять	VERB	_	Aspect=Imp|Mood=Ind|Number=Sing|Person=3|Tense=Pres|VerbForm=Fin|Voice=Act	_	_	_	@ab1991f-words#@ab1991f#319.992#320.304
200	вносить	вносить	VERB	_	Aspect=Imp|VerbForm=Inf|Voice=Act	_	_	_	@ab1991f-words#@ab1991f#320.304#320.616
201	что-то	что-то	PRON	_	Case=Acc	_	_	_	@ab1991f-words#@ab1991f#320.616#320.928
202	своё	свой	DET	_	Case=Acc|Gender=Neut|Number=Sing	_	_	_	@ab1991f-words#@ab1991f#320.928#321.24
203	?	?	PUNCT	_	_	_	_	_	@ab1991f-words#@ab1991f#321.24#321.552
204	и	и	CCONJ	_	_	_	_	_	@ab1991f-words#@ab1991f#321.552#321.864
205	кстати	кстати	ADV	_	Degree=Pos	_	_	_	@ab1991f-words#@ab1991f#321.864#322.176
206	каким	какой	DET	_	Case=Ins|Gender=Masc|Number=Sing	_	_	_	@ab1991f-words#@ab1991f#322.176#322.488
207	режиссёром	режиссёр	NOUN	_	Animacy=Inan|Case=Ins|Gender=Masc|Number=Sing	_	_	_	@ab1991f-words#@ab1991f#322.488#322.8
208	ваш	ваш	DET	_	Case=Nom|Gender=Masc|Number=Sing	_	_	_	@ab1991f-words#@ab1991f#322.8#323.112
209	сын	сын	NOUN	_	Animacy=Anim|Case=Nom|Gender=Masc|Number=Sing	_	_	_	@ab1991f-words#@ab1991f#323.112#323.424
210	становится	становиться	VERB	_	Aspect=Imp|Mood=Ind|Number=Sing|Person=3|Tense=Pres|VerbForm=Fin|Voice=Mid	_	_	_	@ab1991f-words#@ab1991f#323.424#323.736
211	?	?	PUNCT	_	_	_	_	_	@ab1991f-words#@ab1991f#323.736#324.05
212	нет	нет	INTJ	_	_	_	_	_	@omo1947f-words#@omo1947f#31.51#31.832
213	/	/	PUNCT	_	_	_	_	_	@omo1947f-words#@omo1947f#31.832#32.154
214	не	не	PART	_	_	_	_	_	@omo1947f-words#@omo1947f#32.154#32.476
215	соглашусь	согласиться	VERB	_	Aspect=Perf|Mood=Ind|Number=Sing|Person=1|Tense=Fut|VerbForm=Fin|Voice=Mid	_	_	_	@omo1947f-words#@omo1947f#32.476#32.8
216	никак	никак	ADV	_	Degree=Pos	_	_	_	@omo1947f-words#@omo1947f#34.15#34.515
217	/	/	PUNCT	_	_	_	_	_	@omo1947f-words#@omo1947f#34.515#34.88
218	счастливым	счастливый	ADJ	_	Case=Ins|Degree=Pos|Gender=Masc|Number=Sing	_	_	_	@omo1947f-words#@omo1947f#34.88#35.245
219	можно	можно	AUX	_	Degree=Pos	_	_	_	@omo1947f-words#@omo1947f#35.245#35.61
220	быть	быть	AUX	_	Aspect=Imp|VerbForm=Inf|Voice=Act	_	_	_	@omo1947f-words#@omo1947f#35.61#35.975
221	/	/	PUNCT	_	_	_	_	_	@omo1947f-words#@omo1947f#35.975#36.34
222	и	и	PART	_	_	_	_	_	@omo1947f-words#@omo1947f#36.34#36.705
223	не	не	PART	_	_	_	_	_	@omo1947f-words#@omo1947f#36.705#37.07
224	знаменитым	знаменитый	VERB	_	Aspect=Perf|Case=Ins|Gender=Neut|Number=Sing|Tense=Past|VerbForm=Part|Voice=Pass	_	_	_	@omo1947f-words#@omo1947f#37.07#37.435
225	/	/	PUNCT	_	_	_	_	_	@omo1947f-words#@omo1947f#37.435#37.8
226	и	и	CCONJ	_	_	_	_	_	@omo1947f-words#@omo1947f#37.8#38.165
227	даже	даже	PART	_	_	_	_	_	@omo1947f-words#@omo1947f#38.165#38.53
228	чаще	часто	ADV	_	Degree=Cmp	_	_	_	@omo1947f-words#@omo1947f#38.53#38.895
229	всего	все	PRON	_	Animacy=Inan|Case=Gen|Gender=Neut|Number=Sing	_	_	_	@omo1947f-words#@omo1947f#38.895#39.26
230	счастливым	счастливый	ADJ	_	Case=Ins|Degree=Pos|Gender=Neut|Number=Sing	_	_	_	@omo1947f-words#@omo1947f#40.0#40.28
231	можно	можно	AUX	_	Degree=Pos	_	_	_	@omo1947f-words#@omo1947f#40.28#40.56
232	жить	жить	VERB	_	Aspect=Imp|VerbForm=Inf|Voice=Act	_	_	_	@omo1947f-words#@omo1947f#40.56#40.84
233	в	в	ADP	_	_	_	_	_	@omo1947f-words#@omo1947f#40.84#41.12
234	деревне	деревня	NOUN	_	Animacy=Inan|Case=Loc|Gender=Fem|Number=Sing	_	_	_	@omo1947f-words#@omo1947f#41.12#41.4
235	и	и	CCONJ	_	_	_	_	_	@omo1947f-words#@omo1947f#41.4#41.68
236	/	/	PUNCT	_	_	_	_	_	@omo1947f-words#@omo1947f#41.68#41.96
237	делать	делать	VERB	_	Aspect=Imp|VerbForm=Inf|Voice=Act	_	_	_	@omo1947f-words#@omo1947f#41.96#42.24
238	своё	свой	DET	_	Case=Acc|Gender=Neut|Number=Sing	_	_	_	@omo1947f-words#@omo1947f#42.24#42.52
239	дело	дело	NOUN	_	Animacy=Inan|Case=Acc|Gender=Neut|Number=Sing	_	_	_	@omo1947f-words#@omo1947f#42.52#42.8
240	и	и	CCONJ	_	_	_	_	_	@omo1947f-words#@omo1947f#42.8#43.08
241	быть	быть	AUX	_	Aspect=Imp|VerbForm=Inf|Voice=Act	_	_	_	@omo1947f-words#@omo1947f#43.08#43.36
242	счастливым	счастливый	ADJ	_	Case=Ins|Degree=Pos|Gender=Masc|Number=Sing	_	_	_	@omo1947f-words#@omo1947f#43.36#43.65
243	но	но	CCONJ	_	_	_	_	_	@omo1947f-words#@omo1947f#43.7#44.05
244	/	/	PUNCT	_	_	_	_	_	@omo1947f-words#@omo1947f#44.05#44.4
245	знаменитость	знаменитость	NOUN	_	Animacy=Inan|Case=Nom|Gender=Fem|Number=Sing	_	_	_	@omo1947f-words#@omo1947f#44.4#44.75
246	совершенно	совершенно	ADV	_	Degree=Pos	_	_	_	@omo1947f-words#@omo1947f#44.75#45.1
247	не	не	PART	_	_	_	_	_	@omo1947f-words#@omo1947f#45.1#45.45
248	адекватна	адекватный	ADJ	_	Degree=Pos|Gender=Fem|Number=Sing|Variant=Short	_	_	_	@omo1947f-words#@omo1947f#45.45#45.8
249	/	/	PUNCT	_	_	_	_	_	@omo1947f-words#@omo1947f#45.8#46.15
250	э	э	INTJ	_	_	_	_	_	@omo1947f-words#@omo1947f#46.15#46.5
251	/	/	PUNCT	_	_	_	_	_	@omo1947f-words#@omo1947f#46.5#46.85
252	счастью	счастье	NOUN	_	Animacy=Inan|Case=Dat|Gender=Neut|Number=Sing	_	_	_	@omo1947f-words#@omo1947f#46.85#47.2
253	так	так	ADV	_	Degree=Pos	_	_	_	@omo1947f-words#@omo1947f#52.57#53.07
254	ну	ну	PART	_	_	_	_	_	@omo1947f-words#@omo1947f#54.9#55.08
255	а	а	CCONJ	_	_	_	_	_	@omo1947f-words#@omo1947f#55.08#55.26
256	как	как	ADV	_	Degree=Pos	_	_	_	@omo1947f-words#@omo1947f#55.26#55.44
257	иначе	иначе	ADV	_	Degree=Pos	_	_	_	@omo1947f-words#@omo1947f#55.44#55.62
258	?	?	PUNCT	_	_	_	_	_	@omo1947f-words#@omo1947f#55.62#55.8
259	просто	просто	PART	_	_	_	_	_	@omo1947f-words#@omo1947f#56.4#56.673
260	покрасоваться	красоваться	VERB	_	Aspect=Imp|VerbForm=Inf|Voice=Mid	_	_	_	@omo1947f-words#@omo1947f#56.673#56.946
261	вышел	выйти	VERB	_	Aspect=Perf|Gender=Masc|Mood=Ind|Number=Sing|Tense=Past|VerbForm=Fin|Voice=Act	_	_	_	@omo1947f-words#@omo1947f#56.946#57.219
262	на	на	ADP	_	_	_	_	_	@omo1947f-words#@omo1947f#57.219#57.492
263	сцену	сцена	NOUN	_	Animacy=Inan|Case=Acc|Gender=Fem|Number=Sing	_	_	_	@omo1947f-words#@omo1947f#57.492#57.765
264	?	?	PUNCT	_	_	_	_	_	@omo1947f-words#@omo1947f#57.765#58.04
265	это	это	PRON	_	Animacy=Inan|Case=Nom|Gender=Neut|Number=Sing	_	_	_	@omo1947f-words#@omo1947f#59.31#59.725
266	[нрзб]	[нрзб]	X	_	_	_	_	_	@omo1947f-words#@omo1947f#59.725#60.14
267	конечно	конечно	ADV	_	Degree=Pos	_	_	_	@omo1947f-words#@omo1947f#63.18#63.68
268	развлекательный	развлекательный	ADJ	_	Case=Nom|Degree=Pos|Gender=Masc|Number=Sing	_	_	_	@omo1947f-words#@omo1947f#64.95#65.291
269	/	/	PUNCT	_	_	_	_	_	@omo1947f-words#@omo1947f#65.291#65.632
270	умный	умный	ADJ	_	Case=Nom|Degree=Pos|Gender=Masc|Number=Sing	_	_	_	@omo1947f-words#@omo1947f#65.632#65.973
271	должен	должен	ADJ	_	Degree=Pos|Gender=Masc|Number=Sing|Variant=Short	_	_	_	@omo1947f-words#@omo1947f#65.973#66.314
272	быть	быть	AUX	_	Aspect=Imp|VerbForm=Inf|Voice=Act	_	_	_	@omo1947f-words#@omo1947f#66.314#66.655
273	театр	театр	NOUN	_	Animacy=Inan|Case=Nom|Gender=Masc|Number=Sing	_	_	_	@omo1947f-words#@omo1947f#66.655#67.0
274	всё	все	PRON	_	Animacy=Inan|Case=Nom|Gender=Neut|Number=Sing	_	_	_	@omo1947f-words#@omo1947f#67.5#67.754
275	равно	равный	ADJ	_	Degree=Pos|Gender=Neut|Number=Sing|Variant=Short	_	_	_	@omo1947f-words#@omo1947f#67.754#68.008
276	это	это	PRON	_	Animacy=Inan|Case=Nom|Gender=Neut|Number=Sing	_	_	_	@omo1947f-words#@omo1947f#68.008#68.262
277	это	это	PRON	_	Animacy=Inan|Case=Nom|Gender=Neut|Number=Sing	_	_	_	@omo1947f-words#@omo1947f#68.262#68.516
278	что-то	что-то	PRON	_	Case=Nom	_	_	_	@omo1947f-words#@omo1947f#68.516#68.77
279	/	/	PUNCT	_	_	_	_	_	@omo1947f-words#@omo1947f#68.77#69.024
280	это	это	PRON	_	Animacy=Inan|Case=Nom|Gender=Neut|Number=Sing	_	_	_	@omo1947f-words#@omo1947f#69.024#69.278
281	/	/	PUNCT	_	_	_	_	_	@omo1947f-words#@omo1947f#69.278#69.532
282	м	м	INTJ	_	_	_	_	_	@omo1947f-words#@omo1947f#69.532#69.786
283	ну	ну	INTJ	_	_	_	_	_	@omo1947f-words#@omo1947f#69.786#70.04
284	/	/	PUNCT	_	_	_	_	_	@omo1947f-words#@omo1947f#70.04#70.294
285	всё	все	PRON	_	Animacy=Inan|Case=Nom|Gender=Neut|Number=Sing	_	_	_	@omo1947f-words#@omo1947f#70.294#70.548
286	равно	равный	ADJ	_	Degree=Pos|Gender=Neut|Number=Sing|Variant=Short	_	_	_	@omo1947f-words#@omo1947f#70.548#70.802
287	это	это	PRON	_	Animacy=Inan|Case=Nom|Gender=Neut|Number=Sing	_	_	_	@omo1947f-words#@omo1947f#70.802#71.056
288	проповедь	проповедь	NOUN	_	Animacy=Anim|Case=Nom|Gender=Masc|Number=Sing	_	_	_	@omo1947f-words#@omo1947f#71.056#71.31
289	чего-то	что-то	PRON	_	Case=Gen	_	_	_	@omo1947f-words#@omo1947f#71.31#71.57
290	чего-то	что-то	PRON	_	Case=Gen	_	_	_	@omo1947f-words#@omo1947f#72.22#72.558
291	не	не	PART	_	_	_	_	_	@omo1947f-words#@omo1947f#72.558#72.896
292	просто	просто	PART	_	_	_	_	_	@omo1947f-words#@omo1947f#72.896#73.234
293	/	/	PUNCT	_	_	_	_	_	@omo1947f-words#@omo1947f#73.234#73.572
294	м	м	INTJ	_	_	_	_	_	@omo1947f-words#@omo1947f#73.572#73.91
295	развлекательный	развлекательный	ADJ	_	Animacy=Inan|Case=Acc|Degree=Pos|Gender=Masc|Number=Sing	_	_	_	@omo1947f-words#@omo1947f#73.91#74.248
296	театр	театр	NOUN	_	Animacy=Inan|Case=Acc|Gender=Masc|Number=Sing	_	_	_	@omo1947f-words#@omo1947f#74.248#74.586
297	/	/	PUNCT	_	_	_	_	_	@omo1947f-words#@omo1947f#74.586#74.924
298	щас	сейчас	ADV	_	Degree=Pos	_	_	_	@omo1947f-words#@omo1947f#74.924#74.998
299	-	-	PUNCT	_	_	_	_	_	@omo1947f-words#@omo1947f#74.998#75.024
300	то	то	PART	_	_	_	_	_	@omo1947f-words#@omo1947f#75.024#75.262
301	есть	быть	VERB	_	Aspect=Imp|Mood=Ind|Number=Plur|Person=3|Tense=Pres|VerbForm=Fin|Voice=Act	_	_	_	@omo1947f-words#@omo1947f#75.262#75.6
302	такие	такой	DET	_	Case=Nom|Number=Plur	_	_	_	@omo1947f-words#@omo1947f#75.6#75.938
303	шоу	шоу	NOUN	_	Animacy=Inan|Case=Nom|Gender=Neut|Number=Plur	_	_	_	@omo1947f-words#@omo1947f#75.938#76.276
304	от	от	ADP	_	_	_	_	_	@omo1947f-words#@omo1947f#76.276#76.614
305	которых	который	PRON	_	Case=Gen	_	_	_	@omo1947f-words#@omo1947f#76.614#76.952
306	воротит	воротить	VERB	_	Aspect=Imp|Mood=Ind|Number=Sing|Person=3|Tense=Pres|VerbForm=Fin|Voice=Act	_	_	_	@omo1947f-words#@omo1947f#76.952#77.29
307	и	и	CCONJ	_	_	_	_	_	@omo1947f-words#@omo1947f#77.29#77.628
308	тошнит	тошнить	VERB	_	Aspect=Imp|Mood=Ind|Number=Sing|Person=3|Tense=Pres|VerbForm=Fin|Voice=Act	_	_	_	@omo1947f-words#@omo1947f#77.628#77.966
309	вообще	вообще	ADV	_	Degree=Pos	_	_	_	@omo1947f-words#@omo1947f#77.966#78.304
310	понимаете	понимать	VERB	_	Aspect=Imp|Mood=Ind|Number=Plur|Person=2|Tense=Pres|VerbForm=Fin|Voice=Act	_	_	_	@omo1947f-words#@omo1947f#78.304#78.642
311	и	и	CCONJ	_	_	_	_	_	@omo1947f-words#@omo1947f#78.642#78.98
312	/	/	PUNCT	_	_	_	_	_	@omo1947f-words#@omo1947f#78.98#79.318
313	и	и	CCONJ	_	_	_	_	_	@omo1947f-words#@omo1947f#79.318#79.656
314	всё	все	PRON	_	Animacy=Inan|Case=Nom|Gender=Neut|Number=Sing	_	_	_	@omo1947f-words#@omo1947f#79.656#80.0
315	не	не	PART	_	_	_	_	_	@omo1947f-words#@omo1947f#80.5#80.78
316	нужно	нужный	ADJ	_	Degree=Pos|Gender=Neut|Number=Sing|Variant=Short	_	_	_	@omo1947f-words#@omo1947f#80.78#81.06
317	такое	такой	DET	_	Case=Nom|Gender=Neut|Number=Sing	_	_	_	@omo1947f-words#@omo1947f#81.06#81.34
318	/	/	PUNCT	_	_	_	_	_	@omo1947f-words#@omo1947f#81.34#81.62
319	это	это	PRON	_	Animacy=Inan|Case=Nom|Gender=Neut|Number=Sing	_	_	_	@omo1947f-words#@omo1947f#81.62#81.9
320	не	не	PART	_	_	_	_	_	@omo1947f-words#@omo1947f#81.9#82.18
321	/	/	PUNCT	_	_	_	_	_	@omo1947f-words#@omo1947f#82.18#82.46
322	это	это	PRON	_	Animacy=Inan|Case=Nom|Gender=Neut|Number=Sing	_	_	_	@omo1947f-words#@omo1947f#82.46#82.74
323	не	не	PART	_	_	_	_	_	@omo1947f-words#@omo1947f#82.74#83.02
324	это	это	PRON	_	Animacy=Inan|Case=Nom|Gender=Neut|Number=Sing	_	_	_	@omo1947f-words#@omo1947f#83.8#84.25
325	просто	просто	PART	_	_	_	_	_	@omo1947f-words#@omo1947f#84.25#84.7
326	чтобы	чтобы	SCONJ	_	Mood=Cnd	_	_	_	@omo1947f-words#@omo1947f#85.41#85.728
327	это	это	PRON	_	Animacy=Inan|Case=Nom|Gender=Neut|Number=Sing	_	_	_	@omo1947f-words#@omo1947f#85.728#86.046
328	не	не	PART	_	_	_	_	_	@omo1947f-words#@omo1947f#86.046#86.364
329	было	быть	VERB	_	Aspect=Imp|Gender=Neut|Mood=Ind|Number=Sing|Tense=Past|VerbForm=Fin|Voice=Act	_	_	_	@omo1947f-words#@omo1947f#86.364#86.682
330	просто	просто	PART	_	_	_	_	_	@omo1947f-words#@omo1947f#86.682#87.0
331	зарабатывание	зарабатывание	NOUN	_	Animacy=Inan|Case=Nom|Gender=Neut|Number=Sing	_	_	_	@omo1947f-words#@omo1947f#87.0#87.318
332	денег	деньги	NOUN	_	Animacy=Inan|Case=Gen|Gender=Fem|Number=Plur	_	_	_	@omo1947f-words#@omo1947f#87.318#87.636
333	или	или	CCONJ	_	_	_	_	_	@omo1947f-words#@omo1947f#87.636#87.954
334	/	/	PUNCT	_	_	_	_	_	@omo1947f-words#@omo1947f#87.954#88.272
335	пошлятина	пошлятина	NOUN	_	Animacy=Inan|Case=Nom|Gender=Fem|Number=Sing	_	_	_	@omo1947f-words#@omo1947f#88.272#88.59
336	понимаете	понимать	VERB	_	Aspect=Imp|Mood=Ind|Number=Plur|Person=2|Tense=Pres|VerbForm=Fin|Voice=Act	_	_	_	@omo1947f-words#@omo1947f#88.59#88.908
337	всё	все	PRON	_	Animacy=Inan|Case=Nom|Gender=Neut|Number=Sing	_	_	_	@omo1947f-words#@omo1947f#88.908#89.226
338	а	а	CCONJ	_	_	_	_	_	@omo1947f-words#@omo1947f#89.226#89.544
339	всё	все	PRON	_	Animacy=Inan|Case=Nom|Gender=Neut|Number=Sing	_	_	_	@omo1947f-words#@omo1947f#89.544#89.862
340	остальное	остальной	ADJ	_	Case=Acc|Degree=Pos|Gender=Neut|Number=Sing	_	_	_	@omo1947f-words#@omo1947f#89.862#90.18
341	конечно	конечно	ADV	_	Degree=Pos	_	_	_	@omo1947f-words#@omo1947f#90.18#90.498
342	/	/	PUNCT	_	_	_	_	_	@omo1947f-words#@omo1947f#90.498#90.816
343	либо	либо	CCONJ	_	_	_	_	_	@omo1947f-words#@omo1947f#90.816#91.134
344	исповедь	исповедь	NOUN	_	Animacy=Anim|Case=Nom|Gender=Fem|Number=Sing	_	_	_	@omo1947f-words#@omo1947f#91.134#91.452
345	либо	либо	CCONJ	_	_	_	_	_	@omo1947f-words#@omo1947f#91.452#91.77
346	проповедь	проповедь	NOUN	_	Animacy=Anim|Case=Nom|Gender=Fem|Number=Sing	_	_	_	@omo1947f-words#@omo1947f#91.77#92.088
347	/	/	PUNCT	_	_	_	_	_	@omo1947f-words#@omo1947f#92.088#92.406
348	в	в	ADP	_	_	_	_	_	@omo1947f-words#@omo1947f#92.406#92.724
349	лю...	любой	DET	_	Case=Loc|Gender=Fem|Number=Sing	_	_	_	@omo1947f-words#@omo1947f#92.724#93.042
350	в	в	ADP	_	_	_	_	_	@omo1947f-words#@omo1947f#93.042#93.36
351	любой	любой	DET	_	Case=Loc|Gender=Fem|Number=Sing	_	_	_	@omo1947f-words#@omo1947f#93.36#93.678
352	манере	манера	NOUN	_	Animacy=Inan|Case=Loc|Gender=Fem|Number=Sing	_	_	_	@omo1947f-words#@omo1947f#93.678#93.996
353	/	/	PUNCT	_	_	_	_	_	@omo1947f-words#@omo1947f#93.996#94.314
354	понимаете	понимать	VERB	_	Aspect=Imp|Mood=Ind|Number=Plur|Person=2|Tense=Pres|VerbForm=Fin|Voice=Act	_	_	_	@omo1947f-words#@omo1947f#94.314#94.632
355	?	?	PUNCT	_	_	_	_	_	@omo1947f-words#@omo1947f#94.632#94.95
356	замечательное	замечательный	ADJ	_	Case=Acc|Degree=Pos|Gender=Neut|Number=Sing	_	_	_	@omo1947f-words#@omo1947f#98.88#99.465
357	/	/	PUNCT	_	_	_	_	_	@omo1947f-words#@omo1947f#99.465#100.05
358	да	да	INTJ	_	_	_	_	_	@omo1947f-words#@omo1947f#100.05#100.635
359	/	/	PUNCT	_	_	_	_	_	@omo1947f-words#@omo1947f#100.635#101.22
360	замечательное	замечательный	ADJ	_	Case=Acc|Degree=Pos|Gender=Neut|Number=Sing	_	_	_	@omo1947f-words#@omo1947f#101.22#101.805
361	/	/	PUNCT	_	_	_	_	_	@omo1947f-words#@omo1947f#101.805#102.39
362	неравноценные	неравноценный	ADJ	_	Animacy=Inan|Case=Nom|Degree=Pos|Number=Plur	_	_	_	@omo1947f-words#@omo1947f#102.39#102.975
363	спектакли	спектакль	NOUN	_	Animacy=Inan|Case=Nom|Gender=Masc|Number=Plur	_	_	_	@omo1947f-words#@omo1947f#102.975#103.56
364	естественно	естественно	ADV	_	Degree=Pos	_	_	_	@omo1947f-words#@omo1947f#103.56#104.145
365	/	/	PUNCT	_	_	_	_	_	@omo1947f-words#@omo1947f#104.145#104.73
366	теа...	теа...	X	_	_	_	_	_	@omo1947f-words#@omo1947f#104.73#105.315
367	городки	городок	NOUN	_	Animacy=Inan|Case=Nom|Gender=Masc|Number=Sing	_	_	_	@omo1947f-words#@omo1947f#105.315#105.9
368	маленькие	маленький	ADJ	_	Case=Nom|Degree=Pos|Number=Plur	_	_	_	@omo1947f-words#@omo1947f#105.9#106.485
369	но	но	CCONJ	_	_	_	_	_	@omo1947f-words#@omo1947f#106.485#107.07
370	есть	быть	VERB	_	Aspect=Imp|Mood=Ind|Number=Plur|Person=3|Tense=Pres|VerbForm=Fin|Voice=Act	_	_	_	@omo1947f-words#@omo1947f#107.07#107.655
371	просто	просто	PART	_	_	_	_	_	@omo1947f-words#@omo1947f#107.655#108.24
372	/	/	PUNCT	_	_	_	_	_	@omo1947f-words#@omo1947f#108.24#108.825
373	абсолютно	абсолютно	ADV	_	Degree=Pos	_	_	_	@omo1947f-words#@omo1947f#108.825#109.41
374	потрясающие	потрясающий	VERB	_	Case=Nom|Degree=Pos|Gender=Neut|NumbPluring	_	_	_	@omo1947f-words#@omo1947f#109.41#110.0
375	всё	все	PRON	_	Animacy=Inan|Case=Acc|Gender=Neut|Number=Sing	_	_	_	@omo1947f-words#@omo1947f#126.8#127.1
376	идёт	идти	VERB	_	Aspect=Imp|Mood=Ind|Number=Sing|Person=3|Tense=Pres|VerbForm=Fin|Voice=Act	_	_	_	@omo1947f-words#@omo1947f#127.1#127.4
377	из	из	ADP	_	_	_	_	_	@omo1947f-words#@omo1947f#127.4#127.7
378	детства	детство	NOUN	_	Animacy=Inan|Case=Gen|Gender=Neut|Number=Sing	_	_	_	@omo1947f-words#@omo1947f#127.7#128.0
379	и	и	CCONJ	_	_	_	_	_	@omo1947f-words#@omo1947f#128.92#129.18
380	я	я	PRON	_	Case=Nom|Number=Sing|Person=1	_	_	_	@omo1947f-words#@omo1947f#129.18#129.44
381	не	не	PART	_	_	_	_	_	@omo1947f-words#@omo1947f#129.44#129.7
382	/	/	PUNCT	_	_	_	_	_	@omo1947f-words#@omo1947f#129.7#129.96
383	скажу	сказать	VERB	_	Aspect=Perf|Mood=Ind|Number=Sing|Person=1|Tense=Fut|VerbForm=Fin|Voice=Act	_	_	_	@omo1947f-words#@omo1947f#129.96#130.22
384	что	что	SCONJ	_	_	_	_	_	@omo1947f-words#@omo1947f#130.22#130.48
385	я	я	PRON	_	Case=Nom|Number=Sing|Person=1	_	_	_	@omo1947f-words#@omo1947f#130.48#130.74
386	принципиальна	принципиальный	ADJ	_	Degree=Pos|Gender=Fem|Number=Sing|Variant=Short	_	_	_	@omo1947f-words#@omo1947f#130.74#131.0
387	просто	просто	PART	_	_	_	_	_	@omo1947f-words#@omo1947f#131.0#131.26
388	у	у	ADP	_	_	_	_	_	@omo1947f-words#@omo1947f#131.26#131.52
389	меня	я	PRON	_	Case=Gen|Number=Sing|Person=1	_	_	_	@omo1947f-words#@omo1947f#131.52#131.78
390	есть	быть	VERB	_	Aspect=Imp|Mood=Ind|Number=Plur|Person=3|Tense=Pres|VerbForm=Fin|Voice=Act	_	_	_	@omo1947f-words#@omo1947f#131.78#132.04
391	какие-то	какой-то	DET	_	Case=Nom|Number=Plur	_	_	_	@omo1947f-words#@omo1947f#132.04#132.3
392	/	/	PUNCT	_	_	_	_	_	@omo1947f-words#@omo1947f#132.3#132.56
393	ну	ну	PART	_	_	_	_	_	@omo1947f-words#@omo1947f#132.56#132.82
394	какие-то	какой-то	DET	_	Case=Nom|Number=Plur	_	_	_	@omo1947f-words#@omo1947f#132.82#133.08
395	у	у	ADP	_	_	_	_	_	@omo1947f-words#@omo1947f#136.0#136.327
396	меня	я	PRON	_	Case=Gen|Number=Sing|Person=1	_	_	_	@omo1947f-words#@omo1947f#136.327#136.654
397	есть	быть	VERB	_	Aspect=Imp|Mood=Ind|Number=Plur|Person=3|Tense=Pres|VerbForm=Fin|Voice=Act	_	_	_	@omo1947f-words#@omo1947f#136.654#136.981
398	и	и	PART	_	_	_	_	_	@omo1947f-words#@omo1947f#136.981#137.308
399	как	как	PART	_		_	_	_	@omo1947f-words#@omo1947f#137.308#137.635
400	бы	бы	PART	_	_	_	_	_	@omo1947f-words#@omo1947f#137.635#137.962
401	ч...	что	PRON	_	Case=Nom	_	_	_	@omo1947f-words#@omo1947f#137.962#138.289
402	что	что	PRON	_	Case=Nom	_	_	_	@omo1947f-words#@omo1947f#138.289#138.616
403	есть	быть	AUX	_	Aspect=Imp|Mood=Ind|Number=Sing|Person=3|Tense=Pres|VerbForm=Fin|Voice=Act	_	_	_	@omo1947f-words#@omo1947f#138.616#138.943
404	стыдно	стыдный	ADJ	_	Degree=Pos|Gender=Neut|Number=Sing|Variant=Short	_	_	_	@omo1947f-words#@omo1947f#138.943#139.27
405	/	/	PUNCT	_	_	_	_	_	@omo1947f-words#@omo1947f#139.27#139.597
406	сейчас	сейчас	ADV	_	Degree=Pos	_	_	_	@omo1947f-words#@omo1947f#139.597#139.924
407	это	это	PRON	_	Animacy=Inan|Case=Nom|Gender=Neut|Number=Sing	_	_	_	@omo1947f-words#@omo1947f#139.924#140.251
408	совсем	совсем	ADV	_	Degree=Pos	_	_	_	@omo1947f-words#@omo1947f#140.251#140.578
409	уходит	уходить	VERB	_	Aspect=Imp|Mood=Ind|Number=Sing|Person=3|Tense=Pres|VerbForm=Fin|Voice=Act	_	_	_	@omo1947f-words#@omo1947f#140.578#140.905
410	/	/	PUNCT	_	_	_	_	_	@omo1947f-words#@omo1947f#140.905#141.232
411	абсолютно	абсолютно	ADV	_	Degree=Pos	_	_	_	@omo1947f-words#@omo1947f#141.232#141.559
412	/	/	PUNCT	_	_	_	_	_	@omo1947f-words#@omo1947f#141.559#141.886
413	что	что	PRON	_	Animacy=Inan|Case=Nom|Gender=Neut|Number=Sing	_	_	_	@omo1947f-words#@omo1947f#141.886#142.213
414	есть	быть	AUX	_	Aspect=Imp|Mood=Ind|Number=Sing|Person=3|Tense=Pres|VerbForm=Fin|Voice=Act	_	_	_	@omo1947f-words#@omo1947f#142.213#142.54
415	безнравственно	безнравственный	ADJ	_	Degree=Pos|Gender=Neut|Number=Sing|Variant=Short	_	_	_	@omo1947f-words#@omo1947f#142.54#142.867
416	/	/	PUNCT	_	_	_	_	_	@omo1947f-words#@omo1947f#142.867#143.194
417	тоже	тоже	PART	_	_	_	_	_	@omo1947f-words#@omo1947f#143.194#143.521
418	уходит	уходить	VERB	_	Aspect=Imp|Mood=Ind|Number=Sing|Person=3|Tense=Pres|VerbForm=Fin|Voice=Act	_	_	_	@omo1947f-words#@omo1947f#143.521#143.848
419	/	/	PUNCT	_	_	_	_	_	@omo1947f-words#@omo1947f#143.848#144.175
420	всё	все	PRON	_	Animacy=Inan|Case=Acc|Gender=Neut|Number=Sing	_	_	_	@omo1947f-words#@omo1947f#144.175#144.502
421	нравственно	нравственный	ADV	_	Degree=Pos|Gender=Neut|Number=Sing|Variant=Short	_	_	_	@omo1947f-words#@omo1947f#144.502#144.829
422	/	/	PUNCT	_	_	_	_	_	@omo1947f-words#@omo1947f#144.829#145.156
423	всё	все	PRON	_	Animacy=Inan|Case=Acc|Gender=Neut|Number=Sing	_	_	_	@omo1947f-words#@omo1947f#145.156#145.483
424	можно	можно	AUX	_	Degree=Pos	_	_	_	@omo1947f-words#@omo1947f#145.483#145.81
425	/	/	PUNCT	_	_	_	_	_	@omo1947f-words#@omo1947f#145.81#146.137
426	понимаете	понимать	VERB	_	Aspect=Imp|Mood=Ind|Number=Plur|Person=2|Tense=Pres|VerbForm=Fin|Voice=Act	_	_	_	@omo1947f-words#@omo1947f#146.137#146.48
427	и	и	CCONJ	_	_	_	_	_	@omo1947f-words#@omo1947f#146.85#147.097
428	это	это	PRON	_	Animacy=Inan|Case=Nom|Gender=Neut|Number=Sing	_	_	_	@omo1947f-words#@omo1947f#147.097#147.344
429	не	не	PART	_	_	_	_	_	@omo1947f-words#@omo1947f#147.344#147.591
430	в	в	ADP	_	_	_	_	_	@omo1947f-words#@omo1947f#147.591#147.838
431	теат...	театре	NOUN	_	Animacy=Anim|Case=Loc|Gender=Masc|Number=Sing	_	_	_	@omo1947f-words#@omo1947f#147.838#148.085
432	не	не	PART	_	_	_	_	_	@omo1947f-words#@omo1947f#148.085#148.332
433	в	в	ADP	_	_	_	_	_	@omo1947f-words#@omo1947f#148.332#148.579
434	теат...	театре	NOUN	_	Animacy=Anim|Case=Loc|Gender=Masc|Number=Sing	_	_	_	@omo1947f-words#@omo1947f#148.579#148.826
435	на	на	ADP	_	_	_	_	_	@omo1947f-words#@omo1947f#148.826#149.073
436	сцене	сцена	NOUN	_	Animacy=Inan|Case=Loc|Gender=Fem|Number=Sing	_	_	_	@omo1947f-words#@omo1947f#149.073#149.32
437	можно	можно	AUX	_	Degree=Pos	_	_	_	@omo1947f-words#@omo1947f#149.32#149.567
438	всё	все	PRON	_	Animacy=Inan|Case=Acc|Gender=Neut|Number=Sing	_	_	_	@omo1947f-words#@omo1947f#149.567#149.82
439	лишь	лишь	PART	_	_	_	_	_	@omo1947f-words#@omo1947f#150.61#150.9
440	бы	бы	PART	_	_	_	_	_	@omo1947f-words#@omo1947f#150.9#151.19
441	это	это	PRON	_	Animacy=Inan|Case=Nom|Gender=Neut|Number=Sing	_	_	_	@omo1947f-words#@omo1947f#151.19#151.48
442	было	быть	AUX	_	Aspect=Imp|Gender=Neut|Mood=Ind|Number=Sing|Tense=Past|VerbForm=Fin|Voice=Act	_	_	_	@omo1947f-words#@omo1947f#151.48#151.77
443	/	/	PUNCT	_	_	_	_	_	@omo1947f-words#@omo1947f#151.77#152.06
444	не	не	PART	_	_	_	_	_	@omo1947f-words#@omo1947f#152.06#152.35
445	пошло	пошлый	ADJ	_	Degree=Pos|Gender=Neut|Number=Sing|Variant=Short	_	_	_	@omo1947f-words#@omo1947f#152.35#152.64
446	и	и	CCONJ	_	_	_	_	_	@omo1947f-words#@omo1947f#152.64#152.93
447	во	в	ADP	_	_	_	_	_	@omo1947f-words#@omo1947f#152.93#153.22
448	имя	имя	NOUN	_	Animacy=Inan|Case=Acc|Gender=Neut|Number=Sing	_	_	_	@omo1947f-words#@omo1947f#153.22#153.51
449	чего	что	PRON	_	Case=Gen	_	_	_	@omo1947f-words#@omo1947f#153.51#153.8
450	/	/	PUNCT	_	_	_	_	_	@omo1947f-words#@omo1947f#153.8#154.09
451	и	и	CCONJ	_	_	_	_	_	@omo1947f-words#@omo1947f#154.09#154.38
452	во	в	ADP	_	_	_	_	_	@omo1947f-words#@omo1947f#154.38#154.67
453	имя	имя	NOUN	_	Animacy=Inan|Case=Acc|Gender=Neut|Number=Sing	_	_	_	@omo1947f-words#@omo1947f#154.67#154.96
454	чего	что	PRON	_	Case=Gen	_	_	_	@omo1947f-words#@omo1947f#154.96#155.25
455	/	/	PUNCT	_	_	_	_	_	@omo1947f-words#@omo1947f#155.25#155.54
456	понимаете	понимать	VERB	_	Aspect=Imp|Mood=Ind|Number=Plur|Person=2|Tense=Pres|VerbForm=Fin|Voice=Act	_	_	_	@omo1947f-words#@omo1947f#155.54#155.83
457	/	/	PUNCT	_	_	_	_	_	@omo1947f-words#@omo1947f#155.83#156.12
458	вот	вот	PART	_	_	_	_	_	@omo1947f-words#@omo1947f#156.12#156.41
459	и	и	PART	_	_	_	_	_	@omo1947f-words#@omo1947f#156.41#156.7
460	всё	все	DET	_	Case=Nom|Gender=Neut|Number=Sing	_	_	_	@omo1947f-words#@omo1947f#156.7#156.99
461	/	/	PUNCT	_	_	_	_	_	@omo1947f-words#@omo1947f#156.99#157.28
462	а	а	CCONJ	_	_	_	_	_	@omo1947f-words#@omo1947f#157.28#157.57
463	когда	когда	ADV	_	Degree=Pos	_	_	_	@omo1947f-words#@omo1947f#157.57#157.86
464	/	/	PUNCT	_	_	_	_	_	@omo1947f-words#@omo1947f#157.86#158.15
465	и	и	PART	_	_	_	_	_	@omo1947f-words#@omo1947f#158.15#158.44
466	пошло	пойти	VERB	_	Aspect=Perf|Gender=Neut|Mood=Ind|Number=Sing|Tense=Past|VerbForm=Fin|Voice=Act	_	_	_	@omo1947f-words#@omo1947f#158.44#158.73
467	/	/	PUNCT	_	_	_	_	_	@omo1947f-words#@omo1947f#158.73#159.02
468	и	и	CCONJ	_	_	_	_	_	@omo1947f-words#@omo1947f#159.02#159.31
469	не	не	PART	_	_	_	_	_	@omo1947f-words#@omo1947f#159.31#159.6
470	понятно	понятный	ADJ	_	Degree=Pos|Gender=Neut|Number=Sing|Variant=Short	_	_	_	@omo1947f-words#@omo1947f#159.6#159.89
471	во	в	ADP	_	_	_	_	_	@omo1947f-words#@omo1947f#159.89#160.18
472	имя	имя	NOUN	_	Animacy=Inan|Case=Acc|Gender=Neut|Number=Sing	_	_	_	@omo1947f-words#@omo1947f#160.18#160.47
473	чего	что	PRON	_	Case=Gen	_	_	_	@omo1947f-words#@omo1947f#160.47#160.76
474	показать	показать	VERB	_	Aspect=Perf|VerbForm=Inf|Voice=Act	_	_	_	@omo1947f-words#@omo1947f#160.76#161.05
475	там	там	ADV	_	Degree=Pos	_	_	_	@omo1947f-words#@omo1947f#161.05#161.34
476	ножку	ножка	NOUN	_	Animacy=Inan|Case=Acc|Gender=Fem|Number=Sing	_	_	_	@omo1947f-words#@omo1947f#161.34#161.63
477	или	или	CCONJ	_	_	_	_	_	@omo1947f-words#@omo1947f#161.63#161.92
478	что-то	что-то	PRON	_	Case=Acc	_	_	_	@omo1947f-words#@omo1947f#161.92#162.21
479	ещё	еще	ADV	_	Degree=Pos	_	_	_	@omo1947f-words#@omo1947f#162.21#162.5
480	там	там	ADV	_	Degree=Pos	_	_	_	@omo1947f-words#@omo1947f#162.5#162.79
481	какую-то	какой-то	DET	_	Case=Acc|Gender=Fem|Number=Sing	_	_	_	@omo1947f-words#@omo1947f#162.79#163.08
482	часть	часть	NOUN	_	Animacy=Inan|Case=Acc|Gender=Fem|Number=Sing	_	_	_	@omo1947f-words#@omo1947f#163.08#163.37
483	тела	тело	NOUN	_	Animacy=Inan|Case=Gen|Gender=Neut|Number=Sing	_	_	_	@omo1947f-words#@omo1947f#163.37#163.66
484	/	/	PUNCT	_	_	_	_	_	@omo1947f-words#@omo1947f#163.66#163.95
485	это	это	PRON	_	Animacy=Inan|Case=Acc|Gender=Neut|Number=Sing	_	_	_	@omo1947f-words#@omo1947f#163.95#164.24
486	всё	весь	DET	_	Case=Nom|Gender=Neut|Number=Sing	_	_	_	@omo1947f-words#@omo1947f#164.24#164.53
487	кошмар	кошмар	NOUN	_	Animacy=Inan|Case=Nom|Gender=Masc|Number=Sing	_	_	_	@omo1947f-words#@omo1947f#166.0#166.5
488	а	а	CCONJ	_	_	_	_	_	@omo1947f-words#@omo1947f#174.7#175.007
489	я	я	PRON	_	Case=Nom|Number=Sing|Person=1	_	_	_	@omo1947f-words#@omo1947f#175.007#175.314
490	не	не	PART	_	_	_	_	_	@omo1947f-words#@omo1947f#175.314#175.621
491	скажу	сказать	VERB	_	Aspect=Perf|Mood=Ind|Number=Sing|Person=1|Tense=Fut|VerbForm=Fin|Voice=Act	_	_	_	@omo1947f-words#@omo1947f#175.621#175.928
492	что	что	SCONJ	_	_	_	_	_	@omo1947f-words#@omo1947f#175.928#176.235
493	у	у	ADP	_	_	_	_	_	@omo1947f-words#@omo1947f#176.235#176.542
494	меня	я	PRON	_	Case=Gen|Number=Sing|Person=1	_	_	_	@omo1947f-words#@omo1947f#176.542#176.849
495	жёсткий	жёсткий	ADJ	_	Case=Nom|Degree=Pos|Gender=Masc|Number=Sing	_	_	_	@omo1947f-words#@omo1947f#176.849#177.156
496	характер	характер	NOUN	_	Animacy=Inan|Case=Nom|Gender=Masc|Number=Sing	_	_	_	@omo1947f-words#@omo1947f#177.156#177.463
497	/	/	PUNCT	_	_	_	_	_	@omo1947f-words#@omo1947f#177.463#177.77
498	я	я	PRON	_	Case=Nom|Number=Sing|Person=1	_	_	_	@omo1947f-words#@omo1947f#177.77#178.077
499	человек	человек	NOUN	_	Animacy=Anim|Case=Nom|Gender=Masc|Number=Sing	_	_	_	@omo1947f-words#@omo1947f#178.077#178.384
500	очень	очень	ADV	_	Degree=Pos	_	_	_	@omo1947f-words#@omo1947f#178.384#178.691
501	мягкий	мягкий	ADJ	_	Case=Nom|Degree=Pos|Gender=Masc|Number=Sing	_	_	_	@omo1947f-words#@omo1947f#178.691#179.0
502	я	я	PRON	_	Case=Nom|Number=Sing|Person=1	_	_	_	@omo1947f-words#@omo1947f#179.99#180.49
503	жёсткость	жёсткость	NOUN	_	Animacy=Inan|Case=Nom|Gender=Fem|Number=Sing	_	_	_	@omo1947f-words#@omo1947f#181.4#182.0
504	характера	характер	NOUN	_	Animacy=Inan|Case=Gen|Gender=Masc|Number=Sing	_	_	_	@omo1947f-words#@omo1947f#182.0#182.6
505	ну	ну	INTJ	_	_	_	_	_	@omo1947f-words#@omo1947f#182.96#183.21
506	не	не	PART	_	_	_	_	_	@omo1947f-words#@omo1947f#183.21#183.46
507	знаю	знать	VERB	_	Aspect=Imp|Mood=Ind|Number=Sing|Person=1|Tense=Pres|VerbForm=Fin|Voice=Act	_	_	_	@omo1947f-words#@omo1947f#183.46#183.71
508	да	да	PUNCT	_	_	_	_	_	@omo1947f-words#@omo1947f#183.71#183.96
509	/	/	PUNCT	_	_	_	_	_	@omo1947f-words#@omo1947f#183.96#184.21
510	у	у	ADP	_	_	_	_	_	@omo1947f-words#@omo1947f#184.21#184.46
511	меня	я	PRON	_	Case=Gen|Number=Sing|Person=1	_	_	_	@omo1947f-words#@omo1947f#184.46#184.71
512	не	не	PART	_	_	_	_	_	@omo1947f-words#@omo1947f#184.71#184.96
513	жёсткий	жёсткий	ADJ	_	Animacy=Inan|Case=Nom|Degree=Pos|Gender=Masc|Number=Sing	_	_	_	@omo1947f-words#@omo1947f#184.96#185.21
514	характер	характер	NOUN	_	Animacy=Inan|Case=Nom|Gender=Masc|Number=Sing	_	_	_	@omo1947f-words#@omo1947f#185.21#185.46
515	понимаете	понимать	VERB	_	Aspect=Imp|Mood=Ind|Number=Plur|Person=2|Tense=Pres|VerbForm=Fin|Voice=Act	_	_	_	@omo1947f-words#@omo1947f#185.46#185.71
516	это	это	PRON	_	Animacy=Inan|Case=Acc|Gender=Neut|Number=Sing	_	_	_	@omo1947f-words#@omo1947f#185.71#185.96
517	всё	весь	PRON	_	Animacy=Inan|Case=Acc|Gender=Neut|Number=Sing	_	_	_	@omo1947f-words#@omo1947f#185.96#186.21
518	просто	просто	PART	_	_	_	_	_	@omo1947f-words#@omo1947f#186.21#186.47
519	ну	ну	PART	_	_	_	_	_	@omo1947f-words#@omo1947f#188.6#188.889
520	если	если	SCONJ	_	_	_	_	_	@omo1947f-words#@omo1947f#188.889#189.178
521	я	я	PRON	_	Case=Nom|Number=Sing|Person=1	_	_	_	@omo1947f-words#@omo1947f#189.178#189.467
522	верю	верить	VERB	_	Aspect=Imp|Mood=Ind|Number=Sing|Person=1|Tense=Pres|VerbForm=Fin|Voice=Act	_	_	_	@omo1947f-words#@omo1947f#189.467#189.756
523	то	то	SCONJ	_	_	_	_	_	@omo1947f-words#@omo1947f#189.756#190.045
524	я	я	PRON	_	Case=Nom|Number=Sing|Person=1	_	_	_	@omo1947f-words#@omo1947f#190.045#190.334
525	иду	идти	VERB	_	Aspect=Imp|Mood=Ind|Number=Sing|Person=1|Tense=Pres|VerbForm=Fin|Voice=Act	_	_	_	@omo1947f-words#@omo1947f#190.334#190.623
526	безоглядно	безоглядно	ADV	_	Degree=Pos	_	_	_	@omo1947f-words#@omo1947f#190.623#190.912
527	понимаете	понимать	VERB	_	Aspect=Imp|Mood=Ind|Number=Plur|Person=2|Tense=Pres|VerbForm=Fin|Voice=Act	_	_	_	@omo1947f-words#@omo1947f#190.912#191.201
528	и	и	CCONJ	_	_	_	_	_	@omo1947f-words#@omo1947f#191.201#191.49
529	даже	даже	PART	_	_	_	_	_	@omo1947f-words#@omo1947f#191.49#191.779
530	/	/	PUNCT	_	_	_	_	_	@omo1947f-words#@omo1947f#191.779#192.068
531	э	э	INTJ	_	Case=Gen|Degree=Pos|Gender=Fem|Number=Sing	_	_	_	@omo1947f-words#@omo1947f#192.068#192.357
532	и	и	CCONJ	_	_	_	_	_	@omo1947f-words#@omo1947f#192.357#192.646
533	даже	даже	PART	_	_	_	_	_	@omo1947f-words#@omo1947f#192.646#192.935
534	на	на	ADP	_	_	_	_	_	@omo1947f-words#@omo1947f#192.935#193.224
535	провал	провал	NOUN	_	Animacy=Inan|Case=Acc|Gender=Masc|Number=Sing	_	_	_	@omo1947f-words#@omo1947f#193.224#193.513
536	иду	идти	NOUN	_	Aspect=Imp|Mood=Ind|Number=Sing|Person=1|Tense=Pres|VerbForm=Fin|Voice=Act	_	_	_	@omo1947f-words#@omo1947f#193.513#193.802
537	безоглядно	безоглядно	ADV	_	Degree=Pos	_	_	_	@omo1947f-words#@omo1947f#193.802#194.091
538	потому	потому	ADV	_	Degree=Pos	_	_	_	@omo1947f-words#@omo1947f#194.091#194.38
539	что	что	SCONJ	_	_	_	_	_	@omo1947f-words#@omo1947f#194.38#194.669
540	не	не	PART	_	_	_	_	_	@omo1947f-words#@omo1947f#194.669#194.958
541	могу	мочь	VERB	_	Aspect=Imp|Mood=Ind|Number=Sing|Person=1|Tense=Pres|VerbForm=Fin|Voice=Act	_	_	_	@omo1947f-words#@omo1947f#194.958#195.247
542	там	там	ADV	_	Degree=Pos	_	_	_	@omo1947f-words#@omo1947f#195.247#195.536
543	в...	в...	X	_	_	_	_	_	@omo1947f-words#@omo1947f#195.536#195.825
544	за	за	ADP	_	_	_	_	_	@omo1947f-words#@omo1947f#195.825#196.114
545	две	два	NUM	_	Animacy=Inan|Case=Acc|Gender=Fem	_	_	_	@omo1947f-words#@omo1947f#196.114#196.403
546	недели	неделя	NOUN	_	Animacy=Inan|Case=Gen|Gender=Fem|Number=Sing	_	_	_	@omo1947f-words#@omo1947f#196.403#196.692
547	до	до	ADP	_	_	_	_	_	@omo1947f-words#@omo1947f#196.692#196.981
548	выпуска	выпуск	NOUN	_	Animacy=Inan|Case=Gen|Gender=Masc|Number=Sing	_	_	_	@omo1947f-words#@omo1947f#196.981#197.27
549	/	/	PUNCT	_	_	_	_	_	@omo1947f-words#@omo1947f#197.27#197.559
550	уже	уже	ADV	_	Degree=Pos	_	_	_	@omo1947f-words#@omo1947f#197.559#197.848
551	понимаю	понимать	VERB	_	Aspect=Imp|Mood=Ind|Number=Sing|Person=1|Tense=Pres|VerbForm=Fin|Voice=Act	_	_	_	@omo1947f-words#@omo1947f#197.848#198.137
552	у	у	ADP	_	_	_	_	_	@omo1947f-words#@omo1947f#198.137#198.426
553	меня	я	PRON	_	Case=Gen|Number=Sing|Person=1	_	_	_	@omo1947f-words#@omo1947f#198.426#198.715
554	была	быть	VERB	_	Aspect=Imp|Gender=Fem|Mood=Ind|Number=Sing|Tense=Past|VerbForm=Fin|Voice=Act	_	_	_	@omo1947f-words#@omo1947f#198.715#199.004
555	такая	такой	DET	_	Case=Nom|Gender=Fem|Number=Sing	_	_	_	@omo1947f-words#@omo1947f#199.004#199.293
556	ситуация	ситуация	NOUN	_	Animacy=Inan|Case=Nom|Gender=Fem|Number=Sing	_	_	_	@omo1947f-words#@omo1947f#199.293#199.582
557	понимала	понимать	VERB	_	Aspect=Imp|Gender=Fem|Mood=Ind|Number=Sing|Tense=Past|VerbForm=Fin|Voice=Act	_	_	_	@omo1947f-words#@omo1947f#199.582#199.871
558	что	что	SCONJ	_	Case=Nom	_	_	_	@omo1947f-words#@omo1947f#199.871#200.16
559	будет	быть	VERB	_	Aspect=Imp|Mood=Ind|Number=Sing|Person=3|Tense=Pres|VerbForm=Fin|Voice=Act	_	_	_	@omo1947f-words#@omo1947f#200.16#200.449
560	будет	быть	VERB	_	Aspect=Imp|Mood=Ind|Number=Sing|Person=3|Tense=Pres|VerbForm=Fin|Voice=Act	_	_	_	@omo1947f-words#@omo1947f#200.449#200.738
561	дикий	дикий	ADJ	_	Case=Nom|Degree=Pos|Gender=Masc|Number=Sing	_	_	_	@omo1947f-words#@omo1947f#200.738#201.027
562	провал	провал	NOUN	_	Animacy=Inan|Case=Nom|Gender=Masc|Number=Sing	_	_	_	@omo1947f-words#@omo1947f#201.027#201.316
563	/	/	PUNCT	_	_	_	_	_	@omo1947f-words#@omo1947f#201.316#201.605
564	и	и	CCONJ	_	_	_	_	_	@omo1947f-words#@omo1947f#201.605#201.894
565	/	/	PUNCT	_	_	_	_	_	@omo1947f-words#@omo1947f#201.894#202.183
566	потом	потом	ADV	_	Degree=Pos	_	_	_	@omo1947f-words#@omo1947f#202.183#202.472
567	естественно	естественный	ADV	_	Degree=Pos	_	_	_	@omo1947f-words#@omo1947f#202.472#202.761
568	закрыли	закрыть	VERB	_	Aspect=Perf|Mood=Ind|Number=Plur|Tense=Past|VerbForm=Fin|Voice=Act	_	_	_	@omo1947f-words#@omo1947f#202.761#203.05
569	спектакль	спектакль	NOUN	_	Animacy=Inan|Case=Acc|Gender=Masc|Number=Sing	_	_	_	@omo1947f-words#@omo1947f#203.05#203.339
570	и	и	CCONJ	_	_	_	_	_	@omo1947f-words#@omo1947f#203.339#203.628
571	всё	все	PRON	_	Animacy=Inan|Case=Acc|Gender=Neut|Number=Sing	_	_	_	@omo1947f-words#@omo1947f#203.628#203.917
572	/	/	PUNCT	_	_	_	_	_	@omo1947f-words#@omo1947f#203.917#204.206
573	но	но	CCONJ	_	_	_	_	_	@omo1947f-words#@omo1947f#204.206#204.495
574	я	я	PRON	_	Case=Nom|Number=Sing|Person=1	_	_	_	@omo1947f-words#@omo1947f#204.495#204.784
575	шла	идти	VERB	_	Aspect=Imp|Gender=Fem|Mood=Ind|Number=Sing|Tense=Past|VerbForm=Fin|Voice=Act	_	_	_	@omo1947f-words#@omo1947f#204.784#205.073
576	потому	потому	ADV	_	Degree=Pos	_	_	_	@omo1947f-words#@omo1947f#205.073#205.362
577	что	что	SCONJ	_	_	_	_	_	@omo1947f-words#@omo1947f#205.362#205.651
578	к...	к...	X	_	_	_	_	_	@omo1947f-words#@omo1947f#205.651#205.94
579	ну	ну	PART	_	_	_	_	_	@omo1947f-words#@omo1947f#205.94#206.229
580	а	а	CCONJ	_	_	_	_	_	@omo1947f-words#@omo1947f#206.229#206.518
581	как	как	ADV	_	Degree=Pos	_	_	_	@omo1947f-words#@omo1947f#206.518#206.807
582	как	как	ADV	_	Degree=Pos	_	_	_	@omo1947f-words#@omo1947f#206.807#207.096
583	/	/	PUNCT	_	_	_	_	_	@omo1947f-words#@omo1947f#207.096#207.385
584	вот	вот	PART	_	_	_	_	_	@omo1947f-words#@omo1947f#207.385#207.674
585	/	/	PUNCT	_	_	_	_	_	@omo1947f-words#@omo1947f#207.674#207.963
586	взявшись	браться	VERB	_	Aspect=Perf|Tense=Past|VerbForm=Conv|Voice=Mid	_	_	_	@omo1947f-words#@omo1947f#207.963#208.252
587	за	за	ADP	_	_	_	_	_	@omo1947f-words#@omo1947f#208.252#208.541
588	руки	рука	NOUN	_	Animacy=Inan|Case=Acc|Gender=Fem|Number=Plur	_	_	_	@omo1947f-words#@omo1947f#208.541#208.83
589	уже	уже	ADV	_	Degree=Pos	_	_	_	@omo1947f-words#@omo1947f#208.83#209.119
590	всё	все	PRON	_	Animacy=Inan|Case=Acc|Gender=Neut|Number=Sing	_	_	_	@omo1947f-words#@omo1947f#209.119#209.408
591	прыгаем	прыгать	VERB	_	Aspect=Imp|Mood=Ind|Number=Plur|Person=1|Tense=Pres|VerbForm=Fin|Voice=Act	_	_	_	@omo1947f-words#@omo1947f#209.408#209.697
592	в	в	ADP	_	_	_	_	_	@omo1947f-words#@omo1947f#209.697#209.986
593	пропасть	пропасть	NOUN	_	Animacy=Inan|Case=Acc|Gender=Fem|Number=Sing	_	_	_	@omo1947f-words#@omo1947f#209.986#210.3
594	нельзя	нельзя	ADV	_	Degree=Pos	_	_	_	@omo1947f-words#@omo1947f#210.688#210.998
595	/	/	PUNCT	_	_	_	_	_	@omo1947f-words#@omo1947f#210.998#211.308
596	нельзя	нельзя	ADV	_	Degree=Pos	_	_	_	@omo1947f-words#@omo1947f#211.308#211.618
597	после	после	ADP	_	_	_	_	_	@omo1947f-words#@omo1947f#211.618#211.928
598	/	/	PUNCT	_	_	_	_	_	@omo1947f-words#@omo1947f#211.928#212.238
599	там	там	ADV	_	Degree=Pos	_	_	_	@omo1947f-words#@omo1947f#212.238#212.548
600	вернее	верный	ADV	_	Degree=Cmp	_	_	_	@omo1947f-words#@omo1947f#212.548#212.858
601	д...	д...	X	_	_	_	_	_	@omo1947f-words#@omo1947f#212.858#213.168
602	там	там	ADV	_	Degree=Pos	_	_	_	@omo1947f-words#@omo1947f#213.168#213.478
603	/	/	PUNCT	_	_	_	_	_	@omo1947f-words#@omo1947f#213.478#213.788
604	две	два	NUM	_	Animacy=Inan|Case=Acc|Gender=Fem	_	_	_	@omo1947f-words#@omo1947f#213.788#214.098
605	недели	неделя	NOUN	_	Animacy=Inan|Case=Gen|Gender=Fem|Number=Sing	_	_	_	@omo1947f-words#@omo1947f#214.098#214.408
606	осталось	остаться	VERB	_	Aspect=Perf|Gender=Neut|Mood=Ind|Number=Sing|Tense=Past|VerbForm=Fin|Voice=Mid	_	_	_	@omo1947f-words#@omo1947f#214.408#214.718
607	до	до	ADP	_	_	_	_	_	@omo1947f-words#@omo1947f#214.718#215.028
608	премьеры	премьер	NOUN	_	Animacy=Inan|Case=Gen|Gender=Fem|Number=Sing	_	_	_	@omo1947f-words#@omo1947f#215.028#215.338
609	и	и	CCONJ	_	_	_	_	_	@omo1947f-words#@omo1947f#215.338#215.648
610	говорить	говорить	VERB	_	Aspect=Imp|VerbForm=Inf|Voice=Act	_	_	_	@omo1947f-words#@omo1947f#215.648#215.958
611	я	я	PRON	_	Case=Nom|Number=Sing|Person=1	_	_	_	@omo1947f-words#@omo1947f#215.958#216.268
612	не	не	PART	_	_	_	_	_	@omo1947f-words#@omo1947f#216.268#216.578
613	буду	быть	AUX	_	Aspect=Imp|Mood=Ind|Number=Sing|Person=1|Tense=Pres|VerbForm=Fin|Voice=Act	_	_	_	@omo1947f-words#@omo1947f#216.578#216.888
614	это	это	PRON	_	Animacy=Inan|Case=Acc|Gender=Neut|Number=Sing	_	_	_	@omo1947f-words#@omo1947f#216.888#217.198
615	играть	играть	VERB	_	Aspect=Imp|VerbForm=Inf|Voice=Act	_	_	_	@omo1947f-words#@omo1947f#217.198#217.508
616	это	этот	PRON	_	Animacy=Inan|Case=Acc|Gender=Neut|Number=Sing	_	_	_	@omo1947f-words#@omo1947f#217.508#217.818
617	провал	провал	VERB	_	Aspect=Perf|Gender=Masc|Mood=Ind|Number=Sing|Tense=Past|VerbForm=Fin|Voice=Act	_	_	_	@omo1947f-words#@omo1947f#217.818#218.128
618	это	это	PRON	_	Animacy=Inan|Case=Acc|Gender=Neut|Number=Sing	_	_	_	@omo1947f-words#@omo1947f#218.128#218.438
619	нельзя	нельзя	ADV	_	Degree=Pos	_	_	_	@omo1947f-words#@omo1947f#218.438#218.748
620	/	/	PUNCT	_	_	_	_	_	@omo1947f-words#@omo1947f#218.748#219.058
621	ну	ну	PART	_	_	_	_	_	@omo1947f-words#@omo1947f#219.058#219.368
622	на	на	ADP	_	_	_	_	_	@omo1947f-words#@omo1947f#219.368#219.678
623	мой	мой	DET	_	Case=Acc|Gender=Masc|Number=Sing	_	_	_	@omo1947f-words#@omo1947f#219.678#219.988
624	взгляд	взгляд	NOUN	_	Animacy=Inan|Case=Acc|Gender=Masc|Number=Sing	_	_	_	@omo1947f-words#@omo1947f#219.988#220.298
625	это	это	PRON	_	Animacy=Inan|Case=Nom|Gender=Neut|Number=Sing	_	_	_	@omo1947f-words#@omo1947f#220.298#220.608
626	опять	опять	ADV	_	Degree=Pos	_	_	_	@omo1947f-words#@omo1947f#220.608#220.918
627	мои	мой	DET	_	Case=Nom|Number=Plur	_	_	_	@omo1947f-words#@omo1947f#220.918#221.228
628	какие-то	какой-то	DET	_	Case=Nom|Number=Plur	_	_	_	@omo1947f-words#@omo1947f#221.228#221.544
629	ну	ну	PART	_	_	_	_	_	@omo1947f-words#@omo1947f#223.188#223.616
630	какие-то	какой-то	DET	_	Case=Acc|Number=Plur	_	_	_	@omo1947f-words#@omo1947f#223.616#224.044
631	принципы	принцип	NOUN	_	Animacy=Inan|Case=Acc|Gender=Masc|Number=Plur	_	_	_	@omo1947f-words#@omo1947f#224.044#224.472
632	#смеётся#	#смеётся#	X	_	_	_	_	_	@omo1947f-words#@omo1947f#224.472#224.9
633	хотя	хотя	SCONJ	_	_	_	_	_	@omo1947f-words#@omo1947f#225.077#225.554
634	пускаться	пускать	VERB	_	Aspect=Imp|VerbForm=Inf|Voice=Mid	_	_	_	@omo1947f-words#@omo1947f#225.554#226.031
635	я	я	PRON	_	Case=Nom|Number=Sing|Person=1	_	_	_	@omo1947f-words#@omo1947f#226.031#226.508
636	могу	мочь	VERB	_	Aspect=Imp|Mood=Ind|Number=Sing|Person=1|Tense=Pres|VerbForm=Fin|Voice=Act	_	_	_	@omo1947f-words#@omo1947f#226.508#226.985
637	в	в	ADP	_	_	_	_	_	@omo1947f-words#@omo1947f#226.985#227.462
638	любую	любой	DET	_	Case=Acc|Gender=Fem|Number=Sing	_	_	_	@omo1947f-words#@omo1947f#227.462#227.939
639	авантюру	авантюра	NOUN	_	Animacy=Inan|Case=Acc|Gender=Fem|Number=Sing	_	_	_	@omo1947f-words#@omo1947f#227.939#228.416
640	понимаете	понимать	VERB	_	Aspect=Imp|Mood=Ind|Number=Plur|Person=2|Tense=Pres|VerbForm=Fin|Voice=Act	_	_	_	@omo1947f-words#@omo1947f#228.416#228.9
641	и	и	PART	_	_	_	_	_	@omo1947f-words#@omo1947f#230.0#230.379
642	сейчас	сейчас	ADV	_	Degree=Pos	_	_	_	@omo1947f-words#@omo1947f#230.379#230.758
643	вот	вот	PART	_	_	_	_	_	@omo1947f-words#@omo1947f#230.758#231.137
644	э	э	INTJ	_	Case=Gen|Degree=Pos|Gender=Fem|Number=Sing	_	_	_	@omo1947f-words#@omo1947f#231.137#231.516
645	м...	мой	DET	_	Animacy=Anim|Case=Gen|Gender=Fem|Number=Sing	_	_	_	@omo1947f-words#@omo1947f#231.516#231.895
646	мой	мой	DET	_	Animacy=Anim|Case=Gen|Gender=Fem|Number=Sing	_	_	_	@omo1947f-words#@omo1947f#231.895#232.274
647	сын	сын	NOUN	_	Animacy=Anim|Case=Nom|Gender=Masc|Number=Sing	_	_	_	@omo1947f-words#@omo1947f#232.274#232.653
648	репетирует	репетировать	VERB	_	Aspect=Imp|Mood=Ind|Number=Sing|Person=3|Tense=Pres|VerbForm=Fin|Voice=Act	_	_	_	@omo1947f-words#@omo1947f#232.653#233.032
649	/	/	PUNCT	_	_	_	_	_	@omo1947f-words#@omo1947f#233.032#233.411
650	очень	очень	ADV	_	Degree=Pos	_	_	_	@omo1947f-words#@omo1947f#233.411#233.79
651	с...	сложный	ADJ	_	Case=Acc|Degree=Pos|Gender=Fem|Number=Sing	_	_	_	@omo1947f-words#@omo1947f#233.79#234.169
652	сложную	сложный	ADJ	_	Case=Acc|Degree=Pos|Gender=Fem|Number=Sing	_	_	_	@omo1947f-words#@omo1947f#234.169#234.548
653	и	и	CCONJ	_	_	_	_	_	@omo1947f-words#@omo1947f#234.548#234.927
654	очень	очень	ADV	_	Degree=Pos	_	_	_	@omo1947f-words#@omo1947f#234.927#235.306
655	эксцентричную	эксцентричный	ADJ	_	Case=Acc|Degree=Pos|Gender=Fem|Number=Sing	_	_	_	@omo1947f-words#@omo1947f#235.306#235.685
656	/	/	PUNCT	_	_	_	_	_	@omo1947f-words#@omo1947f#235.685#236.064
657	и	и	CCONJ	_	_	_	_	_	@omo1947f-words#@omo1947f#236.064#236.443
658	очень	очень	ADV	_	Degree=Pos	_	_	_	@omo1947f-words#@omo1947f#236.443#236.822
659	неоднозначную	неоднозначный	ADJ	_	Case=Acc|Degree=Pos|Gender=Fem|Number=Sing	_	_	_	@omo1947f-words#@omo1947f#236.822#237.201
660	/	/	PUNCT	_	_	_	_	_	@omo1947f-words#@omo1947f#237.201#237.58
661	инсценировку	инсценировка	NOUN	_	Animacy=Inan|Case=Acc|Gender=Fem|Number=Sing	_	_	_	@omo1947f-words#@omo1947f#237.58#237.959
662	/	/	PUNCT	_	_	_	_	_	@omo1947f-words#@omo1947f#237.959#238.338
663	по	по	ADP	_	_	_	_	_	@omo1947f-words#@omo1947f#238.338#238.717
664	роману	роман	NOUN	_	Animacy=Inan|Case=Dat|Gender=Masc|Number=Sing	_	_	_	@omo1947f-words#@omo1947f#238.717#239.096
665	/	/	PUNCT	_	_	_	_	_	@omo1947f-words#@omo1947f#239.096#239.475
666	с...	сам	ADV	_	Degree=Pos	_	_	_	@omo1947f-words#@omo1947f#239.475#239.854
667	сам	сам	ADV	_	Degree=Pos	_	_	_	@omo1947f-words#@omo1947f#239.854#240.233
668	написал	писать	VERB	_	Aspect=Perf|Gender=Masc|Mood=Ind|Number=Sing|Tense=Past|VerbForm=Fin|Voice=Act	_	_	_	@omo1947f-words#@omo1947f#240.233#240.612
669	со	с	ADP	_	_	_	_	_	@omo1947f-words#@omo1947f#240.612#240.991
670	своим	свой	DET	_	Case=Ins|Gender=Masc|Number=Sing	_	_	_	@omo1947f-words#@omo1947f#240.991#241.37
671	товарищем	товарищ	NOUN	_	Animacy=Anim|Case=Ins|Gender=Masc|Number=Sing	_	_	_	@omo1947f-words#@omo1947f#241.37#241.749
672	/	/	PUNCT	_	_	_	_	_	@omo1947f-words#@omo1947f#241.749#242.128
673	по	по	ADP	_	_	_	_	_	@omo1947f-words#@omo1947f#242.128#242.507
674	роману	роман	NOUN	_	Animacy=Inan|Case=Dat|Gender=Masc|Number=Sing	_	_	_	@omo1947f-words#@omo1947f#242.507#242.886
675	Грэма	Грэм	PROPN	_	Animacy=Anim|Case=Gen|Gender=Masc|Number=Sing	_	_	_	@omo1947f-words#@omo1947f#242.886#243.265
676	Грина	Грин	PROPN	_	Animacy=Anim|Case=Gen|Gender=Masc|Number=Sing	_	_	_	@omo1947f-words#@omo1947f#243.265#243.644
677	/	/	PUNCT	_	_	_	_	_	@omo1947f-words#@omo1947f#243.644#244.023
678	Путешествие	путешествие	NOUN	_	Animacy=Inan|Case=Nom|Gender=Neut|Number=Sing	_	_	_	@omo1947f-words#@omo1947f#244.023#244.402
679	с	с	ADP	_	_	_	_	_	@omo1947f-words#@omo1947f#244.402#244.781
680	моей	мой	DET	_	Case=Ins|Gender=Fem|Number=Sing	_	_	_	@omo1947f-words#@omo1947f#244.781#245.16
681	тётушкой	тётушка	NOUN	_	Animacy=Inan|Case=Ins|Gender=Fem|Number=Sing	_	_	_	@omo1947f-words#@omo1947f#245.16#245.539
682	/	/	PUNCT	_	_	_	_	_	@omo1947f-words#@omo1947f#245.539#245.918
683	очень	очень	ADV	_	Degree=Pos	_	_	_	@omo1947f-words#@omo1947f#245.918#246.297
684	э	э	INTJ	_	_	_	_	_	@omo1947f-words#@omo1947f#246.297#246.676
685	и	и	CCONJ	_	_	_	_	_	@omo1947f-words#@omo1947f#246.676#247.055
686	/	/	PUNCT	_	_	_	_	_	@omo1947f-words#@omo1947f#247.055#247.434
687	таких	такой	DET	_	Case=Gen|Number=Plur	_	_	_	@omo1947f-words#@omo1947f#247.434#247.813
688	я	я	PRON	_	Case=Nom|Number=Sing|Person=1	_	_	_	@omo1947f-words#@omo1947f#247.813#248.192
689	вообще	вообще	ADV	_	Degree=Pos	_	_	_	@omo1947f-words#@omo1947f#248.192#248.571
690	не	не	PART	_	_	_	_	_	@omo1947f-words#@omo1947f#248.571#248.95
691	играла	играть	VERB	_	Aspect=Imp|Gender=Fem|Mood=Ind|Number=Sing|Tense=Past|VerbForm=Fin|Voice=Act	_	_	_	@omo1947f-words#@omo1947f#248.95#249.329
692	и	и	CCONJ	_	_	_	_	_	@omo1947f-words#@omo1947f#249.329#249.708
693	очень	очень	ADV	_	Degree=Pos	_	_	_	@omo1947f-words#@omo1947f#249.708#250.087
694	/	/	PUNCT	_	_	_	_	_	@omo1947f-words#@omo1947f#250.087#250.466
695	мне	я	PRON	_	Case=Dat|Number=Sing|Person=1	_	_	_	@omo1947f-words#@omo1947f#250.466#250.845
696	это	это	PRON	_	Animacy=Inan|Case=Nom|Gender=Neut|Number=Sing	_	_	_	@omo1947f-words#@omo1947f#250.845#251.224
697	/	/	PUNCT	_	_	_	_	_	@omo1947f-words#@omo1947f#251.224#251.603
698	какбы	какбы	NOUN	_	Animacy=Inan|Case=Nom|Gender=Fem|Number=Plur	_	_	_	@omo1947f-words#@omo1947f#251.603#251.871
699	бы	бы	PART	_	_	_	_	_	@omo1947f-words#@omo1947f#251.871#251.982
700	не	не	PART	_	_	_	_	_	@omo1947f-words#@omo1947f#251.982#252.361
701	/	/	PUNCT	_	_	_	_	_	@omo1947f-words#@omo1947f#252.361#252.74
702	но	но	CCONJ	_	_	_	_	_	@omo1947f-words#@omo1947f#252.74#253.119
703	я	я	PRON	_	Case=Nom|Number=Sing|Person=1	_	_	_	@omo1947f-words#@omo1947f#253.119#253.498
704	/	/	PUNCT	_	_	_	_	_	@omo1947f-words#@omo1947f#253.498#253.877
705	пускаюсь	пускаться	VERB	_	Aspect=Imp|Mood=Ind|Number=Sing|Person=1|Tense=Pres|VerbForm=Fin|Voice=Mid	_	_	_	@omo1947f-words#@omo1947f#253.877#254.256
706	в	в	ADP	_	_	_	_	_	@omo1947f-words#@omo1947f#254.256#254.635
707	эту	этот	DET	_	Case=Acc|Gender=Fem|Number=Sing	_	_	_	@omo1947f-words#@omo1947f#254.635#255.014
708	авантюру	авантюра	NOUN	_	Animacy=Inan|Case=Acc|Gender=Fem|Number=Sing	_	_	_	@omo1947f-words#@omo1947f#255.014#255.4
709	он	он	PRON	_	Case=Nom|Gender=Masc|Number=Sing|Person=3	_	_	_	@omo1947f-words#@omo1947f#256.5#256.869
710	как	как	SCONJ	_	_	_	_	_	@omo1947f-words#@omo1947f#256.869#257.238
711	режиссёр	режиссёр	NOUN	_	Animacy=Inan|Case=Nom|Gender=Masc|Number=Sing	_	_	_	@omo1947f-words#@omo1947f#257.238#257.607
712	и	и	CCONJ	_	_	_	_	_	@omo1947f-words#@omo1947f#257.607#257.976
713	как	как	SCONJ	_	_	_	_	_	@omo1947f-words#@omo1947f#257.976#258.345
714	автор	автор	NOUN	_	Animacy=Anim|Case=Nom|Gender=Masc|Number=Sing	_	_	_	@omo1947f-words#@omo1947f#258.345#258.714
715	инсценировки	инсценировка	NOUN	_	Animacy=Inan|Case=Gen|Gender=Fem|Number=Sing	_	_	_	@omo1947f-words#@omo1947f#258.714#259.083
716	да	да	INTJ	_	_	_	_	_	@omo1947f-words#@omo1947f#259.083#259.452
717	/	/	PUNCT	_	_	_	_	_	@omo1947f-words#@omo1947f#259.452#259.821
718	я	я	PRON	_	Case=Nom|Number=Sing|Person=1	_	_	_	@omo1947f-words#@omo1947f#259.821#260.19
719	пускаюсь	пускаться	VERB	_	Aspect=Imp|Mood=Ind|Number=Sing|Person=1|Tense=Pres|VerbForm=Fin|Voice=Mid	_	_	_	@omo1947f-words#@omo1947f#260.19#260.559
720	в	в	ADP	_	_	_	_	_	@omo1947f-words#@omo1947f#260.559#260.928
721	эту	этот	DET	_	Case=Acc|Gender=Fem|Number=Sing	_	_	_	@omo1947f-words#@omo1947f#260.928#261.297
722	авантюру	авантюра	NOUN	_	Animacy=Inan|Case=Acc|Gender=Fem|Number=Sing	_	_	_	@omo1947f-words#@omo1947f#261.297#261.666
723	потому	потому	ADV	_	Degree=Pos	_	_	_	@omo1947f-words#@omo1947f#261.666#262.035
724	что	что	SCONJ	_	_	_	_	_	@omo1947f-words#@omo1947f#262.035#262.404
725	я	я	PRON	_	Case=Nom|Number=Sing|Person=1	_	_	_	@omo1947f-words#@omo1947f#262.404#262.773
726	понимаю	понимать	VERB	_	Aspect=Imp|Mood=Ind|Number=Sing|Person=1|Tense=Pres|VerbForm=Fin|Voice=Act	_	_	_	@omo1947f-words#@omo1947f#262.773#263.142
727	что	что	SCONJ	_	_	_	_	_	@omo1947f-words#@omo1947f#263.142#263.511
728	намерения	намерение	NOUN	_	Animacy=Inan|Case=Nom|Gender=Neut|Number=Plur	_	_	_	@omo1947f-words#@omo1947f#263.511#263.88
729	наши	наш	DET	_	Case=Nom|Number=Plur	_	_	_	@omo1947f-words#@omo1947f#263.88#264.249
730	благие	благой	ADJ	_	Case=Nom|Degree=Pos|Number=Plur	_	_	_	@omo1947f-words#@omo1947f#264.249#264.618
731	/	/	PUNCT	_	_	_	_	_	@omo1947f-words#@omo1947f#264.618#264.987
732	вот	вот	PART	_	_	_	_	_	@omo1947f-words#@omo1947f#264.987#265.356
733	понимаете	понимать	VERB	_	Aspect=Imp|Mood=Ind|Number=Plur|Person=2|Tense=Pres|VerbForm=Fin|Voice=Act	_	_	_	@omo1947f-words#@omo1947f#265.356#265.725
734	хотя	хотя	SCONJ	_	_	_	_	_	@omo1947f-words#@omo1947f#265.725#266.094
735	намерениями	намерение	NOUN	_	Animacy=Inan|Case=Ins|Gender=Neut|Number=Plur	_	_	_	@omo1947f-words#@omo1947f#266.094#266.463
736	конечно	конечно	ADV	_	Degree=Pos	_	_	_	@omo1947f-words#@omo1947f#266.463#266.832
737	в	в	ADP	_	_	_	_	_	@omo1947f-words#@omo1947f#266.832#267.201
738	ад	ад	NOUN	_	Animacy=Inan|Case=Acc|Gender=Masc|Number=Sing	_	_	_	@omo1947f-words#@omo1947f#267.201#267.57
739	/	/	PUNCT	_	_	_	_	_	@omo1947f-words#@omo1947f#267.57#267.939
740	но	но	CCONJ	_	_	_	_	_	@omo1947f-words#@omo1947f#267.939#268.308
741	намерения	намерение	NOUN	_	Animacy=Inan|Case=Gen|Gender=Neut|Number=Sing	_	_	_	@omo1947f-words#@omo1947f#268.308#268.677
742	благие	благой	ADJ	_	Case=Nom|Degree=Pos|Number=Plur	_	_	_	@omo1947f-words#@omo1947f#268.677#269.046
743	а	а	CCONJ	_	_	_	_	_	@omo1947f-words#@omo1947f#269.046#269.415
744	уже	уже	ADV	_	Degree=Pos	_	_	_	@omo1947f-words#@omo1947f#269.415#269.784
745	дальше	далее	ADV	_	Degree=Pos	_	_	_	@omo1947f-words#@omo1947f#269.784#270.153
746	что	что	PRON	_	Case=Nom	_	_	_	@omo1947f-words#@omo1947f#270.153#270.522
747	получится	получиться	VERB	_	Aspect=Perf|Mood=Ind|Number=Sing|Person=3|Tense=Fut|VerbForm=Fin|Voice=Mid	_	_	_	@omo1947f-words#@omo1947f#270.522#270.92
748	ну	ну	PART	_	_	_	_	_	@omo1947f-words#@omo1947f#277.8#278.158
749	этк...	этк...	X	_	_	_	_	_	@omo1947f-words#@omo1947f#278.158#278.516
750	хорошо	хорошо	ADV	_	Degree=Pos	_	_	_	@omo1947f-words#@omo1947f#278.516#278.874
751	когда	когда	SCONJ	_	_	_	_	_	@omo1947f-words#@omo1947f#278.874#279.232
752	это	это	PRON	_	Animacy=Inan|Case=Nom|Gender=Neut|Number=Sing	_	_	_	@omo1947f-words#@omo1947f#279.232#279.59
753	совпадает	совпадать	VERB	_	Aspect=Imp|Mood=Ind|Number=Sing|Person=3|Tense=Pres|VerbForm=Fin|Voice=Act	_	_	_	@omo1947f-words#@omo1947f#279.59#279.948
754	/	/	PUNCT	_	_	_	_	_	@omo1947f-words#@omo1947f#279.948#280.306
755	потому	потому	ADV	_	Degree=Pos	_	_	_	@omo1947f-words#@omo1947f#280.306#280.664
756	что	что	SCONJ	_	_	_	_	_	@omo1947f-words#@omo1947f#280.664#281.022
757	иногда	иногда	ADV	_	Degree=Pos	_	_	_	@omo1947f-words#@omo1947f#281.022#281.38
758	/	/	PUNCT	_	_	_	_	_	@omo1947f-words#@omo1947f#281.38#281.738
759	получаешь	получать	VERB	_	Aspect=Imp|Mood=Ind|Number=Sing|Person=2|Tense=Pres|VerbForm=Fin|Voice=Act	_	_	_	@omo1947f-words#@omo1947f#281.738#282.096
760	от	от	ADP	_	_	_	_	_	@omo1947f-words#@omo1947f#282.096#282.454
761	п...	процесс	NOUN	_	Animacy=Inan|Case=Gen|Gender=Masc|Number=Sing	_	_	_	@omo1947f-words#@omo1947f#282.454#282.812
762	/	/	PUNCT	_	_	_	_	_	@omo1947f-words#@omo1947f#282.812#283.17
763	от	от	ADP	_	_	_	_	_	@omo1947f-words#@omo1947f#283.17#283.528
764	процесса	процесс	NOUN	_	Animacy=Inan|Case=Gen|Gender=Masc|Number=Sing	_	_	_	@omo1947f-words#@omo1947f#283.528#283.886
765	от	от	ADP	_	_	_	_	_	@omo1947f-words#@omo1947f#283.886#284.244
766	/	/	PUNCT	_	_	_	_	_	@omo1947f-words#@omo1947f#284.244#284.602
767	я	я	PRON	_	Case=Nom|Number=Sing|Person=1	_	_	_	@omo1947f-words#@omo1947f#284.602#284.96
768	вообще	вообще	ADV	_	Degree=Pos	_	_	_	@omo1947f-words#@omo1947f#284.96#285.318
769	больше	больше	ADV	_	Degree=Cmp	_	_	_	@omo1947f-words#@omo1947f#285.318#285.676
770	люблю	любить	VERB	_	Aspect=Imp|Mood=Ind|Number=Sing|Person=1|Tense=Pres|VerbForm=Fin|Voice=Act	_	_	_	@omo1947f-words#@omo1947f#285.676#286.034
771	репетиции	репетиция	NOUN	_	Animacy=Inan|Case=Acc|Gender=Fem|Number=Plur	_	_	_	@omo1947f-words#@omo1947f#286.034#286.392
772	честно	честно	ADV	_	Degree=Pos	_	_	_	@omo1947f-words#@omo1947f#286.392#286.75
773	говоря	говорить	VERB	_	Aspect=Imp|Tense=Pres|VerbForm=Conv|Voice=Act	_	_	_	@omo1947f-words#@omo1947f#286.75#287.108
774	/	/	PUNCT	_	_	_	_	_	@omo1947f-words#@omo1947f#287.108#287.466
775	потому	потому	ADV	_	Degree=Pos	_	_	_	@omo1947f-words#@omo1947f#287.466#287.824
776	что	что	SCONJ	_	_	_	_	_	@omo1947f-words#@omo1947f#287.824#288.182
777	там	там	ADV	_	Degree=Pos	_	_	_	@omo1947f-words#@omo1947f#288.182#288.54
778	можно	можно	AUX	_	Degree=Pos	_	_	_	@omo1947f-words#@omo1947f#288.54#288.898
779	и	и	PART	_	_	_	_	_	@omo1947f-words#@omo1947f#288.898#289.256
780	ошибаться	ошибаться	VERB	_	Aspect=Imp|VerbForm=Inf|Voice=Mid	_	_	_	@omo1947f-words#@omo1947f#289.256#289.614
781	/	/	PUNCT	_	_	_	_	_	@omo1947f-words#@omo1947f#289.614#289.972
782	и	и	CCONJ	_	_	_	_	_	@omo1947f-words#@omo1947f#289.972#290.33
783	чувствовать	чувствовать	VERB	_	Aspect=Imp|VerbForm=Inf|Voice=Act	_	_	_	@omo1947f-words#@omo1947f#290.33#290.688
784	себя	себя	PRON	_	Case=Acc	_	_	_	@omo1947f-words#@omo1947f#290.688#291.046
785	/	/	PUNCT	_	_	_	_	_	@omo1947f-words#@omo1947f#291.046#291.404
786	дураком	дурак	NOUN	_	Animacy=Anim|Case=Ins|Gender=Masc|Number=Sing	_	_	_	@omo1947f-words#@omo1947f#291.404#291.762
787	и	и	CCONJ	_	_	_	_	_	@omo1947f-words#@omo1947f#291.762#292.12
788	глупым	глупый	ADJ	_	Case=Ins|Degree=Pos|Gender=Masc|Number=Sing	_	_	_	@omo1947f-words#@omo1947f#292.12#292.478
789	и	и	CCONJ	_	_	_	_	_	@omo1947f-words#@omo1947f#292.478#292.836
790	/	/	PUNCT	_	_	_	_	_	@omo1947f-words#@omo1947f#292.836#293.194
791	и	и	CCONJ	_	_	_	_	_	@omo1947f-words#@omo1947f#293.194#293.552
792	/	/	PUNCT	_	_	_	_	_	@omo1947f-words#@omo1947f#293.552#293.91
793	бездарным	бездарный	ADJ	_	Case=Inst|Degree=Pos|Number=Plur	_	_	_	@omo1947f-words#@omo1947f#293.91#294.268
794	какое-то	какой-то	DET	_	Case=Acc|Gender=Neut|Number=Sing	_	_	_	@omo1947f-words#@omo1947f#294.268#294.626
795	время	время	NOUN	_	Animacy=Inan|Case=Acc|Gender=Neut|Number=Sing	_	_	_	@omo1947f-words#@omo1947f#294.626#294.984
796	и	и	CCONJ	_	_	_	_	_	@omo1947f-words#@omo1947f#294.984#295.342
797	/	/	PUNCT	_	_	_	_	_	@omo1947f-words#@omo1947f#295.342#295.7
798	и	и	CCONJ	_	_	_	_	_	@omo1947f-words#@omo1947f#295.7#296.058
799	неталантливым	неталантливый	ADJ	_	Case=Dat|Degree=Pos|Number=Plur	_	_	_	@omo1947f-words#@omo1947f#296.058#296.416
800	понимаете	понимать	VERB	_	Aspect=Imp|Mood=Ind|Number=Plur|Person=2|Tense=Pres|VerbForm=Fin|Voice=Act	_	_	_	@omo1947f-words#@omo1947f#296.416#296.774
801	/	/	PUNCT	_	_	_	_	_	@omo1947f-words#@omo1947f#296.774#297.132
802	там	там	ADV	_	Degree=Pos	_	_	_	@omo1947f-words#@omo1947f#297.132#297.49
803	можно	можно	AUX	_	Degree=Pos	_	_	_	@omo1947f-words#@omo1947f#297.49#297.848
804	всё	все	PRON	_	Animacy=Inan|Case=Nom|Gender=Neut|Number=Sing	_	_	_	@omo1947f-words#@omo1947f#297.848#298.206
805	репетиция	репетиция	NOUN	_	Animacy=Inan|Case=Nom|Gender=Fem|Number=Sing	_	_	_	@omo1947f-words#@omo1947f#298.206#298.564
806	для	для	ADP	_	_	_	_	_	@omo1947f-words#@omo1947f#298.564#298.922
807	этого	это	PRON	_	Animacy=Inan|Case=Gen|Gender=Neut|Number=Sing	_	_	_	@omo1947f-words#@omo1947f#298.922#299.3
808	чтобы	чтобы	SCONJ	_	Mood=Cnd	_	_	_	@omo1947f-words#@omo1947f#300.37#300.84
809	потом	потом	ADV	_	Degree=Pos	_	_	_	@omo1947f-words#@omo1947f#300.84#301.31
810	/	/	PUNCT	_	_	_	_	_	@omo1947f-words#@omo1947f#301.31#301.78
811	выйти	выйти	VERB	_	Aspect=Perf|VerbForm=Inf|Voice=Act	_	_	_	@omo1947f-words#@omo1947f#301.78#302.25
812	на	на	ADP	_	_	_	_	_	@omo1947f-words#@omo1947f#302.25#302.72
813	какую-то	какой-то	DET	_	Case=Acc|Gender=Fem|Number=Sing	_	_	_	@omo1947f-words#@omo1947f#302.72#303.19
814	тропинку	тропинка	NOUN	_	Animacy=Inan|Case=Acc|Gender=Fem|Number=Sing	_	_	_	@omo1947f-words#@omo1947f#303.19#303.66
815	/	/	PUNCT	_	_	_	_	_	@omo1947f-words#@omo1947f#303.66#304.13
816	где	где	ADV	_	Degree=Pos	_	_	_	@omo1947f-words#@omo1947f#304.13#304.6
817	ты	ты	PRON	_	Case=Nom|Number=Sing|Person=2	_	_	_	@omo1947f-words#@omo1947f#304.6#305.07
818	/	/	PUNCT	_	_	_	_	_	@omo1947f-words#@omo1947f#305.07#305.54
819	ну	ну	PART	_	_	_	_	_	@omo1947f-words#@omo1947f#305.54#306.01
820	во-первых	во-первых	ADV	_	Degree=Pos	_	_	_	@omo1947f-words#@omo1947f#306.01#306.48
821	выражаешь	выражать	VERB	_	Aspect=Imp|Mood=Ind|Number=Sing|Person=2|Tense=Pres|VerbForm=Fin|Voice=Act	_	_	_	@omo1947f-words#@omo1947f#306.48#306.95
822	персонажа	персонаж	NOUN	_	Animacy=Anim|Case=Acc|Gender=Masc|Number=Sing	_	_	_	@omo1947f-words#@omo1947f#306.95#307.42
823	своего	свой	DET	_	Case=Gen|Gender=Masc|Number=Sing	_	_	_	@omo1947f-words#@omo1947f#307.42#307.89
824	полностью	полностью	ADV	_	Degree=Pos	_	_	_	@omo1947f-words#@omo1947f#307.89#308.36
825	/	/	PUNCT	_	_	_	_	_	@omo1947f-words#@omo1947f#308.36#308.83
826	во-вторых	во-вторых	ADV	_	Degree=Pos	_	_	_	@omo1947f-words#@omo1947f#308.83#309.3
827	ты	ты	PRON	_	Case=Nom|Number=Sing|Person=2	_	_	_	@omo1947f-words#@omo1947f#309.3#309.77
828	/	/	PUNCT	_	_	_	_	_	@omo1947f-words#@omo1947f#309.77#310.24
829	как	как	ADV	_	Degree=Pos	_	_	_	@omo1947f-words#@omo1947f#310.24#310.71
830	бы	бы	PART	_	_	_	_	_	@omo1947f-words#@omo1947f#310.71#311.18
831	/	/	PUNCT	_	_	_	_	_	@omo1947f-words#@omo1947f#311.18#311.65
832	выражаешь	выражать	VERB	_	Aspect=Imp|Mood=Ind|Number=Sing|Person=2|Tense=Pres|VerbForm=Fin|Voice=Act	_	_	_	@omo1947f-words#@omo1947f#311.65#312.12
833	автора	автор	NOUN	_	Animacy=Anim|Case=Acc|Gender=Masc|Number=Sing	_	_	_	@omo1947f-words#@omo1947f#312.12#312.59
834	/	/	PUNCT	_	_	_	_	_	@omo1947f-words#@omo1947f#312.59#313.06
835	и	и	CCONJ	_	_	_	_	_	@omo1947f-words#@omo1947f#313.06#313.53
836	себя	себя	PRON	_	Case=Acc	_	_	_	@omo1947f-words#@omo1947f#313.53#314.0
837	э	э	INTJ	_	_	_	_	_	@omo1947f-words#@omo1947f#325.67#325.99
838	он	он	PRON	_	Case=Nom|Gender=Masc|Number=Sing|Person=3	_	_	_	@omo1947f-words#@omo1947f#325.99#326.31
839	к...	к...	X	_	_	_	_	_	@omo1947f-words#@omo1947f#326.31#326.63
840	ну	ну	INTJ	_	_	_	_	_	@omo1947f-words#@omo1947f#326.63#326.95
841	нет	нет	INTJ	_	_	_	_	_	@omo1947f-words#@omo1947f#326.95#327.27
842	конечно	конечно	ADV	_	Degree=Pos	_	_	_	@omo1947f-words#@omo1947f#327.27#327.59
843	он	он	PRON	_	Case=Nom|Gender=Masc|Number=Sing|Person=3	_	_	_	@omo1947f-words#@omo1947f#327.59#327.91
844	э	э	INTJ	_	_	_	_	_	@omo1947f-words#@omo1947f#327.91#328.23
845	как	как	ADV	_	Degree=Pos	_	_	_	@omo1947f-words#@omo1947f#329.4#329.733
846	вам	вы	PRON	_	Case=Dat|Number=Plur|Person=2	_	_	_	@omo1947f-words#@omo1947f#329.733#330.066
847	сказать	сказать	VERB	_	Aspect=Perf|VerbForm=Inf|Voice=Act	_	_	_	@omo1947f-words#@omo1947f#330.066#330.4
848	у	у	ADP	_	_	_	_	_	@omo1947f-words#@omo1947f#331.5#331.854
849	него	он	PRON	_	Case=Gen|Gender=Masc|Number=Sing|Person=3	_	_	_	@omo1947f-words#@omo1947f#331.854#332.208
850	доста...	доста...	X	_	_	_	_	_	@omo1947f-words#@omo1947f#332.208#332.562
851	у	у	ADP	_	_	_	_	_	@omo1947f-words#@omo1947f#332.562#332.916
852	него	он	PRON	_	Case=Gen|Gender=Masc|Number=Sing|Person=3	_	_	_	@omo1947f-words#@omo1947f#332.916#333.27
853	очень	очень	ADV	_	Degree=Pos	_	_	_	@omo1947f-words#@omo1947f#333.27#333.624
854	ээ	ээ	INTJ	_	_	_	_	_	@omo1947f-words#@omo1947f#333.624#333.978
855	какое-то	какой-то	DET	_	Case=Acc|Gender=Neut|Number=Sing	_	_	_	@omo1947f-words#@omo1947f#333.978#334.332
856	ясное	ясный	ADJ	_	Case=Acc|Degree=Pos|Gender=Neut|Number=Sing	_	_	_	@omo1947f-words#@omo1947f#334.332#334.686
857	своё	свой	DET	_	Case=Acc|Gender=Neut|Number=Sing	_	_	_	@omo1947f-words#@omo1947f#334.686#335.04
858	видение	видение	NOUN	_	Animacy=Inan|Case=Acc|Gender=Neut|Number=Sing	_	_	_	@omo1947f-words#@omo1947f#335.04#335.394
859	этой	этот	DET	_	Case=Gen|Gender=Fem|Number=Sing	_	_	_	@omo1947f-words#@omo1947f#335.394#335.748
860	этой	этот	DET	_	Case=Gen|Gender=Fem|Number=Sing	_	_	_	@omo1947f-words#@omo1947f#335.748#336.102
861	/	/	PUNCT	_	_	_	_	_	@omo1947f-words#@omo1947f#336.102#336.456
862	постановки	постановка	NOUN	_	Animacy=Inan|Case=Gen|Gender=Fem|Number=Sing	_	_	_	@omo1947f-words#@omo1947f#336.456#336.81
863	/	/	PUNCT	_	_	_	_	_	@omo1947f-words#@omo1947f#336.81#337.164
864	очень	очень	ADV	_	Degree=Pos	_	_	_	@omo1947f-words#@omo1947f#337.164#337.518
865	ясное	ясный	ADJ	_	Case=Nom|Degree=Pos|Gender=Neut|Number=Sing	_	_	_	@omo1947f-words#@omo1947f#337.518#337.872
866	/	/	PUNCT	_	_	_	_	_	@omo1947f-words#@omo1947f#337.872#338.226
867	и	и	CCONJ	_	_	_	_	_	@omo1947f-words#@omo1947f#338.226#338.58
868	оно	оно	PRON	_	Case=Nom|Gender=Neut|Number=Sing|Person=3	_	_	_	@omo1947f-words#@omo1947f#338.58#338.934
869	иногда	иногда	ADV	_	Degree=Pos	_	_	_	@omo1947f-words#@omo1947f#338.934#339.288
870	не	не	PART	_	_	_	_	_	@omo1947f-words#@omo1947f#339.288#339.642
871	совпадает	совпадать	VERB	_	Aspect=Imp|Mood=Ind|Number=Sing|Person=3|Tense=Pres|VerbForm=Fin|Voice=Act	_	_	_	@omo1947f-words#@omo1947f#339.642#339.996
872	с	с	ADP	_	_	_	_	_	@omo1947f-words#@omo1947f#339.996#340.35
873	моим	мой	DET	_	Case=Inst|Number=Plur	_	_	_	@omo1947f-words#@omo1947f#340.35#340.704
874	там	там	PART	_	_	_	_	_	@omo1947f-words#@omo1947f#340.704#341.058
875	или	или	CCONJ	_	_	_	_	_	@omo1947f-words#@omo1947f#341.058#341.412
876	с	с	ADP	_	_	_	_	_	@omo1947f-words#@omo1947f#341.412#341.766
877	с	с	ADP	_	_	_	_	_	@omo1947f-words#@omo1947f#341.766#342.12
878	нашим	наш	DET	_	Case=Dat|Number=Plur	_	_	_	@omo1947f-words#@omo1947f#342.12#342.49
879	но	но	CCONJ	_	_	_	_	_	@omo1947f-words#@omo1947f#344.75#345.086
880	если	если	SCONJ	_	_	_	_	_	@omo1947f-words#@omo1947f#345.086#345.422
881	не	не	PART	_	_	_	_	_	@omo1947f-words#@omo1947f#345.422#345.758
882	совпадает	совпадать	VERB	_	Aspect=Imp|Mood=Ind|Number=Sing|Person=3|Tense=Pres|VerbForm=Fin|Voice=Act	_	_	_	@omo1947f-words#@omo1947f#345.758#346.094
883	с	с	ADP	_	_	_	_	_	@omo1947f-words#@omo1947f#346.094#346.43
884	моим	мой	DET	_	Case=Dat|Number=Plur	_	_	_	@omo1947f-words#@omo1947f#346.43#346.766
885	я	я	PRON	_	Case=Nom|Number=Sing|Person=1	_	_	_	@omo1947f-words#@omo1947f#346.766#347.102
886	пытаюсь	пытаться	VERB	_	Aspect=Imp|Mood=Ind|Number=Sing|Person=1|Tense=Pres|VerbForm=Fin|Voice=Mid	_	_	_	@omo1947f-words#@omo1947f#347.102#347.438
887	разобраться	разобраться	VERB	_	Aspect=Perf|VerbForm=Inf|Voice=Mid	_	_	_	@omo1947f-words#@omo1947f#347.438#347.774
888	почему	почему	ADV	_	Degree=Pos	_	_	_	@omo1947f-words#@omo1947f#347.774#348.11
889	не	не	PART	_	_	_	_	_	@omo1947f-words#@omo1947f#348.11#348.446
890	совпадает	совпадать	VERB	_	Aspect=Imp|Mood=Ind|Number=Sing|Person=3|Tense=Pres|VerbForm=Fin|Voice=Act	_	_	_	@omo1947f-words#@omo1947f#348.446#348.782
891	/	/	PUNCT	_	_	_	_	_	@omo1947f-words#@omo1947f#348.782#349.118
892	и	и	CCONJ	_	_	_	_	_	@omo1947f-words#@omo1947f#349.118#349.454
893	часто	часто	ADV	_	Degree=Pos	_	_	_	@omo1947f-words#@omo1947f#349.454#349.79
894	бываю	бывавать	VERB	_	Aspect=Imp|Mood=Ind|Number=Sing|Person=1|Tense=Pres|VerbForm=Fin|Voice=Act	_	_	_	@omo1947f-words#@omo1947f#349.79#350.126
895	я	я	PRON	_	Case=Nom|Number=Sing|Person=1	_	_	_	@omo1947f-words#@omo1947f#350.126#350.462
896	не	не	PART	_	_	_	_	_	@omo1947f-words#@omo1947f#350.462#350.798
897	права	правый	ADJ	_	Degree=Pos|Gender=Fem|Number=Sing|Variant=Short	_	_	_	@omo1947f-words#@omo1947f#350.798#351.134
898	/	/	PUNCT	_	_	_	_	_	@omo1947f-words#@omo1947f#351.134#351.47
899	понимаете	понимать	VERB	_	Aspect=Imp|Mood=Ind|Number=Plur|Person=2|Tense=Pres|VerbForm=Fin|Voice=Act	_	_	_	@omo1947f-words#@omo1947f#351.47#351.806
900	потому	потому	ADV	_	Degree=Pos	_	_	_	@omo1947f-words#@omo1947f#351.806#352.142
901	что	что	SCONJ	_	_	_	_	_	@omo1947f-words#@omo1947f#352.142#352.478
902	/	/	PUNCT	_	_	_	_	_	@omo1947f-words#@omo1947f#352.478#352.814
903	режисёр	режисёр	NOUN	_	Animacy=Anim|Case=Nom|Gender=Masc|Number=Sing	_	_	_	@omo1947f-words#@omo1947f#352.814#353.15
904	вообще	вообще	ADV	_	Degree=Pos	_	_	_	@omo1947f-words#@omo1947f#353.15#353.486
905	это	это	PRON	_	Animacy=Inan|Case=Nom|Gender=Neut|Number=Sing	_	_	_	@omo1947f-words#@omo1947f#353.486#353.822
906	всё	весь	PRON	_	Animacy=Inan|Case=Nom|Gender=Neut|Number=Sing	_	_	_	@omo1947f-words#@omo1947f#353.822#354.158
907	это	это	PRON	_	Animacy=Inan|Case=Nom|Gender=Neut|Number=Sing	_	_	_	@omo1947f-words#@omo1947f#354.158#354.494
908	всё	весь	PRON	_	Animacy=Inan|Case=Nom|Gender=Neut|Number=Sing	_	_	_	@omo1947f-words#@omo1947f#354.494#354.83
909	и	и	CCONJ	_	_	_	_	_	@omo1947f-words#@omo1947f#354.83#355.166
910	в	в	ADP	_	_	_	_	_	@omo1947f-words#@omo1947f#355.166#355.502
911	театре	театр	NOUN	_	Animacy=Inan|Case=Loc|Gender=Masc|Number=Sing	_	_	_	@omo1947f-words#@omo1947f#355.502#355.838
912	и	и	CCONJ	_	_	_	_	_	@omo1947f-words#@omo1947f#355.838#356.174
913	в	в	ADP	_	_	_	_	_	@omo1947f-words#@omo1947f#356.174#356.51
914	кино	кино	NOUN	_	Animacy=Inan|Case=Loc|Gender=Neut|Number=Sing	_	_	_	@omo1947f-words#@omo1947f#356.51#356.846
915	это	это	PRON	_	Animacy=Inan|Case=Nom|Gender=Neut|Number=Sing	_	_	_	@omo1947f-words#@omo1947f#356.846#357.182
916	всё	весь	DET	_	Case=Nom|Gender=Neut|Number=Sing	_	_	_	@omo1947f-words#@omo1947f#357.182#357.518
917	/	/	PUNCT	_	_	_	_	_	@omo1947f-words#@omo1947f#357.518#357.854
918	он	он	PRON	_	Case=Nom|Gender=Masc|Number=Sing|Person=3	_	_	_	@omo1947f-words#@omo1947f#357.854#358.19
919	один	один	DET	_	Case=Nom|Degree=Pos|Gender=Masc|Number=Sing	_	_	_	@omo1947f-words#@omo1947f#358.19#358.526
920	знает	знать	VERB	_	Aspect=Imp|Mood=Ind|Number=Sing|Person=3|Tense=Pres|VerbForm=Fin|Voice=Act	_	_	_	@omo1947f-words#@omo1947f#358.526#358.862
921	как	как	ADV	_	Degree=Pos	_	_	_	@omo1947f-words#@omo1947f#358.862#359.198
922	/	/	PUNCT	_	_	_	_	_	@omo1947f-words#@omo1947f#359.198#359.534
923	что	что	PRON	_	Case=Acc	_	_	_	@omo1947f-words#@omo1947f#359.534#359.87
924	надо	надо	ADV	_	Degree=Pos	_	_	_	@omo1947f-words#@omo1947f#359.87#360.206
925	сказать	сказать	VERB	_	Aspect=Perf|VerbForm=Inf|Voice=Act	_	_	_	@omo1947f-words#@omo1947f#360.206#360.542
926	актёру	актёр	NOUN	_	Animacy=Inan|Case=Acc|Gender=Fem|Number=Sing	_	_	_	@omo1947f-words#@omo1947f#360.542#360.878
927	/	/	PUNCT	_	_	_	_	_	@omo1947f-words#@omo1947f#360.878#361.214
928	и	и	CCONJ	_	_	_	_	_	@omo1947f-words#@omo1947f#361.214#361.55
929	как	как	ADV	_	Degree=Pos	_	_	_	@omo1947f-words#@omo1947f#361.55#361.886
930	потом	потом	ADV	_	Degree=Pos	_	_	_	@omo1947f-words#@omo1947f#361.886#362.222
931	это	это	PRON	_	Animacy=Inan|Case=Acc|Gender=Neut|Number=Sing	_	_	_	@omo1947f-words#@omo1947f#362.222#362.558
932	всё	весь	DET	_	Case=Acc|Gender=Neut|Number=Sing	_	_	_	@omo1947f-words#@omo1947f#362.558#362.894
933	/	/	PUNCT	_	_	_	_	_	@omo1947f-words#@omo1947f#362.894#363.23
934	слепить	лепить	VERB	_	Aspect=Perf|VerbForm=Inf|Voice=Act	_	_	_	@omo1947f-words#@omo1947f#363.23#363.6
